timestamp,fecha,hora,dia_semana,franja_horaria,par,estrategia,direccion,resultado,monto,ganancia,balance,racha_perdidas_momento
2026-07-20 08:19:00,2026-07-20,08:19:00,lunes,08:00-08:59,AUDCAD-OTC,reversion_bb,BUY,loss,2.0,-2.0,248.0,1
2026-07-20 08:26:00,2026-07-20,08:26:00,lunes,08:00-08:59,AUDCAD-OTC,reversion_bb,BUY,loss,4.4,-4.4,243.6,2
2026-07-20 08:42:00,2026-07-20,08:42:00,lunes,08:00-08:59,USDJPY-OTC,tendencia_rsi,BUY,loss,2.0,-2.0,241.6,1
2026-07-20 09:03:00,2026-07-20,09:03:00,lunes,09:00-09:59,EURJPY-OTC,reversion_bb,BUY,loss,2.0,-2.0,239.6,1
2026-07-20 09:24:00,2026-07-20,09:24:00,lunes,09:00-09:59,EURUSD-OTC,patron_velas,BUY,win,2.0,1.74,241.34,0
2026-07-20 09:45:00,2026-07-20,09:45:00,lunes,09:00-09:59,EURUSD-OTC,reversion_bb,BUY,win,2.0,1.74,243.08,0
2026-07-20 10:03:00,2026-07-20,10:03:00,lunes,10:00-10:59,GBPUSD-OTC,patron_velas,BUY,win,2.0,1.7,244.78,0
2026-07-20 10:19:00,2026-07-20,10:19:00,lunes,10:00-10:59,USDJPY-OTC,reversion_bb,BUY,loss,4.4,-4.4,240.38,2
2026-07-20 10:43:00,2026-07-20,10:43:00,lunes,10:00-10:59,USDJPY-OTC,reversion_bb,BUY,win,9.68,7.94,248.32,0
2026-07-20 10:47:00,2026-07-20,10:47:00,lunes,10:00-10:59,AUDCAD-OTC,tendencia_rsi,SELL,loss,9.68,-9.68,238.64,0
2026-07-20 10:51:00,2026-07-20,10:51:00,lunes,10:00-10:59,EURUSD-OTC,patron_velas,BUY,desconocido,2.0,0.0,238.64,0
2026-07-20 10:54:00,2026-07-20,10:54:00,lunes,10:00-10:59,EURJPY-OTC,reversion_bb,BUY,win,4.4,3.52,242.16,0
2026-07-20 11:14:00,2026-07-20,11:14:00,lunes,11:00-11:59,GBPUSD-OTC,patron_velas,SELL,win,2.0,1.7,243.86,0
2026-07-20 11:16:00,2026-07-20,11:16:00,lunes,11:00-11:59,EURJPY-OTC,tendencia_rsi,BUY,loss,2.0,-2.0,241.86,1
2026-07-20 11:19:00,2026-07-20,11:19:00,lunes,11:00-11:59,EURJPY-OTC,reversion_bb,SELL,loss,4.4,-4.4,237.46,2
2026-07-20 11:37:00,2026-07-20,11:37:00,lunes,11:00-11:59,GBPUSD-OTC,patron_velas,SELL,win,2.0,1.7,239.16,0
2026-07-20 11:42:00,2026-07-20,11:42:00,lunes,11:00-11:59,EURJPY-OTC,reversion_bb,SELL,win,9.68,7.74,246.9,0
2026-07-20 11:44:00,2026-07-20,11:44:00,lunes,11:00-11:59,GBPUSD-OTC,tendencia_rsi,BUY,loss,2.0,-2.0,244.9,1
2026-07-20 11:47:00,2026-07-20,11:47:00,lunes,11:00-11:59,GBPUSD-OTC,tendencia_rsi,SELL,win,4.4,3.74,248.64,0
2026-07-20 11:58:00,2026-07-20,11:58:00,lunes,11:00-11:59,EURJPY-OTC,tendencia_rsi,BUY,win,2.0,1.6,250.24,0
2026-07-20 12:00:00,2026-07-20,12:00:00,lunes,12:00-12:59,AUDCAD-OTC,reversion_bb,SELL,win,2.0,1.58,251.82,0
2026-07-20 12:20:00,2026-07-20,12:20:00,lunes,12:00-12:59,GBPUSD-OTC,reversion_bb,BUY,win,2.0,1.7,253.52,0
2026-07-20 12:41:00,2026-07-20,12:41:00,lunes,12:00-12:59,GBPUSD-OTC,patron_velas,BUY,loss,2.0,-2.0,251.52,1
2026-07-20 13:04:00,2026-07-20,13:04:00,lunes,13:00-13:59,EURJPY-OTC,reversion_bb,BUY,win,2.0,1.6,253.12,0
2026-07-20 13:09:00,2026-07-20,13:09:00,lunes,13:00-13:59,EURUSD-OTC,patron_velas,SELL,win,2.0,1.74,254.86,0
2026-07-20 13:19:00,2026-07-20,13:19:00,lunes,13:00-13:59,EURJPY-OTC,patron_velas,BUY,loss,2.0,-2.0,252.86,1
2026-07-20 13:25:00,2026-07-20,13:25:00,lunes,13:00-13:59,GBPUSD-OTC,reversion_bb,BUY,loss,4.4,-4.4,248.46,2
2026-07-20 13:35:00,2026-07-20,13:35:00,lunes,13:00-13:59,GBPUSD-OTC,tendencia_rsi,SELL,win,9.68,8.23,256.69,0
2026-07-20 13:51:00,2026-07-20,13:51:00,lunes,13:00-13:59,GBPUSD-OTC,tendencia_rsi,BUY,win,2.0,1.7,258.39,0
2026-07-20 13:55:00,2026-07-20,13:55:00,lunes,13:00-13:59,USDJPY-OTC,tendencia_rsi,BUY,loss,2.0,-2.0,256.39,1
2026-07-20 14:15:00,2026-07-20,14:15:00,lunes,14:00-14:59,EURUSD-OTC,tendencia_rsi,SELL,win,2.0,1.74,258.13,0
2026-07-20 14:18:00,2026-07-20,14:18:00,lunes,14:00-14:59,EURUSD-OTC,patron_velas,SELL,win,2.0,1.74,259.87,0
2026-07-20 14:30:00,2026-07-20,14:30:00,lunes,14:00-14:59,GBPUSD-OTC,tendencia_rsi,BUY,win,2.0,1.7,261.57,0
2026-07-20 14:55:00,2026-07-20,14:55:00,lunes,14:00-14:59,GBPUSD-OTC,reversion_bb,BUY,loss,2.0,-2.0,259.57,1
2026-07-20 15:10:00,2026-07-20,15:10:00,lunes,15:00-15:59,EURUSD-OTC,reversion_bb,SELL,loss,2.0,-2.0,257.57,1
2026-07-20 15:24:00,2026-07-20,15:24:00,lunes,15:00-15:59,AUDCAD-OTC,tendencia_rsi,BUY,win,2.0,1.58,259.15,0
2026-07-20 15:34:00,2026-07-20,15:34:00,lunes,15:00-15:59,EURJPY-OTC,patron_velas,SELL,loss,4.4,-4.4,254.75,2
2026-07-20 15:50:00,2026-07-20,15:50:00,lunes,15:00-15:59,EURJPY-OTC,patron_velas,BUY,loss,9.68,-9.68,245.07,0
2026-07-20 16:01:00,2026-07-20,16:01:00,lunes,16:00-16:59,AUDCAD-OTC,tendencia_rsi,BUY,win,2.0,1.58,246.65,0
2026-07-20 16:18:00,2026-07-20,16:18:00,lunes,16:00-16:59,AUDCAD-OTC,patron_velas,BUY,win,2.0,1.58,248.23,0
2026-07-20 16:31:00,2026-07-20,16:31:00,lunes,16:00-16:59,USDJPY-OTC,tendencia_rsi,BUY,win,4.4,3.61,251.84,0
2026-07-20 16:43:00,2026-07-20,16:43:00,lunes,16:00-16:59,EURJPY-OTC,reversion_bb,SELL,win,2.0,1.6,253.44,0
2026-07-20 16:51:00,2026-07-20,16:51:00,lunes,16:00-16:59,EURJPY-OTC,tendencia_rsi,SELL,win,2.0,1.6,255.04,0
2026-07-20 16:59:00,2026-07-20,16:59:00,lunes,16:00-16:59,GBPUSD-OTC,tendencia_rsi,BUY,loss,4.4,-4.4,250.64,2
2026-07-20 17:23:00,2026-07-20,17:23:00,lunes,17:00-17:59,EURUSD-OTC,reversion_bb,SELL,win,4.4,3.83,254.47,0
2026-07-20 17:33:00,2026-07-20,17:33:00,lunes,17:00-17:59,GBPUSD-OTC,reversion_bb,SELL,win,9.68,8.23,262.7,0
2026-07-20 17:57:00,2026-07-20,17:57:00,lunes,17:00-17:59,AUDCAD-OTC,reversion_bb,SELL,loss,2.0,-2.0,260.7,1
2026-07-20 18:18:00,2026-07-20,18:18:00,lunes,18:00-18:59,EURUSD-OTC,patron_velas,SELL,win,2.0,1.74,262.44,0
2026-07-20 18:40:00,2026-07-20,18:40:00,lunes,18:00-18:59,AUDCAD-OTC,tendencia_rsi,BUY,win,4.4,3.48,265.92,0
2026-07-20 18:42:00,2026-07-20,18:42:00,lunes,18:00-18:59,USDJPY-OTC,tendencia_rsi,BUY,loss,2.0,-2.0,263.92,1
2026-07-20 18:58:00,2026-07-20,18:58:00,lunes,18:00-18:59,EURUSD-OTC,patron_velas,SELL,loss,2.0,-2.0,261.92,1
2026-07-20 19:02:00,2026-07-20,19:02:00,lunes,19:00-19:59,GBPUSD-OTC,tendencia_rsi,BUY,win,2.0,1.7,263.62,0
2026-07-20 19:19:00,2026-07-20,19:19:00,lunes,19:00-19:59,AUDCAD-OTC,patron_velas,SELL,win,2.0,1.58,265.2,0
2026-07-20 19:38:00,2026-07-20,19:38:00,lunes,19:00-19:59,AUDCAD-OTC,patron_velas,SELL,loss,2.0,-2.0,263.2,1
2026-07-20 20:02:00,2026-07-20,20:02:00,lunes,20:00-20:59,GBPUSD-OTC,tendencia_rsi,SELL,loss,2.0,-2.0,261.2,1
2026-07-20 20:08:00,2026-07-20,20:08:00,lunes,20:00-20:59,EURJPY-OTC,reversion_bb,BUY,loss,2.0,-2.0,259.2,1
2026-07-20 20:22:00,2026-07-20,20:22:00,lunes,20:00-20:59,AUDCAD-OTC,patron_velas,SELL,loss,4.4,-4.4,254.8,2
2026-07-20 20:38:00,2026-07-20,20:38:00,lunes,20:00-20:59,USDJPY-OTC,patron_velas,BUY,win,4.4,3.61,258.41,0
2026-07-20 20:46:00,2026-07-20,20:46:00,lunes,20:00-20:59,GBPUSD-OTC,reversion_bb,SELL,loss,4.4,-4.4,254.01,2
2026-07-20 20:56:00,2026-07-20,20:56:00,lunes,20:00-20:59,EURUSD-OTC,reversion_bb,SELL,win,4.4,3.83,257.84,0
2026-07-21 08:49:00,2026-07-21,08:49:00,martes,08:00-08:59,USDJPY-OTC,reversion_bb,BUY,win,2.0,1.64,259.48,0
2026-07-21 09:04:00,2026-07-21,09:04:00,martes,09:00-09:59,EURUSD-OTC,tendencia_rsi,BUY,loss,2.0,-2.0,257.48,1
2026-07-21 09:21:00,2026-07-21,09:21:00,martes,09:00-09:59,GBPUSD-OTC,patron_velas,SELL,win,9.68,8.23,265.71,0
2026-07-21 09:38:00,2026-07-21,09:38:00,martes,09:00-09:59,AUDCAD-OTC,patron_velas,SELL,win,9.68,7.65,273.36,0
2026-07-21 10:03:00,2026-07-21,10:03:00,martes,10:00-10:59,AUDCAD-OTC,patron_velas,SELL,loss,2.0,-2.0,271.36,1
2026-07-21 10:14:00,2026-07-21,10:14:00,martes,10:00-10:59,EURJPY-OTC,patron_velas,SELL,loss,4.4,-4.4,266.96,2
2026-07-21 10:34:00,2026-07-21,10:34:00,martes,10:00-10:59,EURJPY-OTC,tendencia_rsi,BUY,win,9.68,7.74,274.7,0
2026-07-21 10:55:00,2026-07-21,10:55:00,martes,10:00-10:59,EURJPY-OTC,tendencia_rsi,SELL,win,2.0,1.6,276.3,0
2026-07-21 11:14:00,2026-07-21,11:14:00,martes,11:00-11:59,AUDCAD-OTC,tendencia_rsi,BUY,loss,4.4,-4.4,271.9,2
2026-07-21 11:33:00,2026-07-21,11:33:00,martes,11:00-11:59,EURJPY-OTC,reversion_bb,SELL,loss,2.0,-2.0,269.9,1
2026-07-21 11:43:00,2026-07-21,11:43:00,martes,11:00-11:59,GBPUSD-OTC,reversion_bb,SELL,win,2.0,1.7,271.6,0
2026-07-21 12:01:00,2026-07-21,12:01:00,martes,12:00-12:59,USDJPY-OTC,tendencia_rsi,SELL,loss,2.0,-2.0,269.6,1
2026-07-21 12:07:00,2026-07-21,12:07:00,martes,12:00-12:59,EURUSD-OTC,tendencia_rsi,SELL,win,4.4,3.83,273.43,0
2026-07-21 12:19:00,2026-07-21,12:19:00,martes,12:00-12:59,USDJPY-OTC,tendencia_rsi,BUY,win,4.4,3.61,277.04,0
2026-07-21 12:37:00,2026-07-21,12:37:00,martes,12:00-12:59,AUDCAD-OTC,reversion_bb,SELL,loss,9.68,-9.68,267.36,0
2026-07-21 12:39:00,2026-07-21,12:39:00,martes,12:00-12:59,EURJPY-OTC,patron_velas,BUY,loss,4.4,-4.4,262.96,2
2026-07-21 12:58:00,2026-07-21,12:58:00,martes,12:00-12:59,GBPUSD-OTC,patron_velas,BUY,win,2.0,1.7,264.66,0
2026-07-21 13:17:00,2026-07-21,13:17:00,martes,13:00-13:59,AUDCAD-OTC,patron_velas,SELL,win,2.0,1.58,266.24,0
2026-07-21 13:24:00,2026-07-21,13:24:00,martes,13:00-13:59,USDJPY-OTC,patron_velas,BUY,loss,2.0,-2.0,264.24,1
2026-07-21 13:32:00,2026-07-21,13:32:00,martes,13:00-13:59,EURUSD-OTC,tendencia_rsi,BUY,win,2.0,1.74,265.98,0
2026-07-21 13:42:00,2026-07-21,13:42:00,martes,13:00-13:59,EURJPY-OTC,tendencia_rsi,BUY,loss,9.68,-9.68,256.3,0
2026-07-21 13:50:00,2026-07-21,13:50:00,martes,13:00-13:59,EURJPY-OTC,patron_velas,BUY,win,2.0,1.6,257.9,0
2026-07-21 14:10:00,2026-07-21,14:10:00,martes,14:00-14:59,USDJPY-OTC,reversion_bb,SELL,win,4.4,3.61,261.51,0
2026-07-21 14:28:00,2026-07-21,14:28:00,martes,14:00-14:59,GBPUSD-OTC,tendencia_rsi,SELL,win,2.0,1.7,263.21,0
2026-07-21 14:34:00,2026-07-21,14:34:00,martes,14:00-14:59,GBPUSD-OTC,tendencia_rsi,BUY,win,2.0,1.7,264.91,0
2026-07-21 14:45:00,2026-07-21,14:45:00,martes,14:00-14:59,EURUSD-OTC,patron_velas,SELL,loss,2.0,-2.0,262.91,1
2026-07-21 14:49:00,2026-07-21,14:49:00,martes,14:00-14:59,EURUSD-OTC,reversion_bb,SELL,win,4.4,3.83,266.74,0
2026-07-21 15:04:00,2026-07-21,15:04:00,martes,15:00-15:59,GBPUSD-OTC,patron_velas,BUY,loss,2.0,-2.0,264.74,1
2026-07-21 15:12:00,2026-07-21,15:12:00,martes,15:00-15:59,GBPUSD-OTC,reversion_bb,SELL,loss,4.4,-4.4,260.34,2
2026-07-21 15:20:00,2026-07-21,15:20:00,martes,15:00-15:59,AUDCAD-OTC,tendencia_rsi,SELL,loss,2.0,-2.0,258.34,1
2026-07-21 15:24:00,2026-07-21,15:24:00,martes,15:00-15:59,EURJPY-OTC,patron_velas,SELL,loss,2.0,-2.0,256.34,1
2026-07-21 15:34:00,2026-07-21,15:34:00,martes,15:00-15:59,USDJPY-OTC,tendencia_rsi,SELL,loss,2.0,-2.0,254.34,1
2026-07-21 15:40:00,2026-07-21,15:40:00,martes,15:00-15:59,USDJPY-OTC,patron_velas,BUY,loss,4.4,-4.4,249.94,2
2026-07-21 15:54:00,2026-07-21,15:54:00,martes,15:00-15:59,GBPUSD-OTC,patron_velas,SELL,loss,9.68,-9.68,240.26,0
2026-07-21 16:11:00,2026-07-21,16:11:00,martes,16:00-16:59,EURUSD-OTC,tendencia_rsi,BUY,loss,2.0,-2.0,238.26,1
2026-07-21 16:20:00,2026-07-21,16:20:00,martes,16:00-16:59,USDJPY-OTC,patron_velas,SELL,win,9.68,7.94,246.2,0
2026-07-21 16:40:00,2026-07-21,16:40:00,martes,16:00-16:59,GBPUSD-OTC,patron_velas,SELL,win,2.0,1.7,247.9,0
2026-07-21 17:02:00,2026-07-21,17:02:00,martes,17:00-17:59,GBPUSD-OTC,patron_velas,BUY,win,2.0,1.7,249.6,0
2026-07-21 17:07:00,2026-07-21,17:07:00,martes,17:00-17:59,AUDCAD-OTC,tendencia_rsi,SELL,win,4.4,3.48,253.08,0
2026-07-21 17:25:00,2026-07-21,17:25:00,martes,17:00-17:59,EURUSD-OTC,tendencia_rsi,SELL,win,4.4,3.83,256.91,0
2026-07-21 17:35:00,2026-07-21,17:35:00,martes,17:00-17:59,USDJPY-OTC,reversion_bb,BUY,win,2.0,1.64,258.55,0
2026-07-21 17:57:00,2026-07-21,17:57:00,martes,17:00-17:59,EURJPY-OTC,patron_velas,BUY,loss,4.4,-4.4,254.15,2
2026-07-21 18:11:00,2026-07-21,18:11:00,martes,18:00-18:59,GBPUSD-OTC,reversion_bb,SELL,win,2.0,1.7,255.85,0
2026-07-21 18:30:00,2026-07-21,18:30:00,martes,18:00-18:59,AUDCAD-OTC,patron_velas,SELL,loss,2.0,-2.0,253.85,1
2026-07-21 18:41:00,2026-07-21,18:41:00,martes,18:00-18:59,AUDCAD-OTC,reversion_bb,SELL,win,4.4,3.48,257.33,0
2026-07-21 18:58:00,2026-07-21,18:58:00,martes,18:00-18:59,USDJPY-OTC,patron_velas,SELL,loss,2.0,-2.0,255.33,1
2026-07-21 19:00:00,2026-07-21,19:00:00,martes,19:00-19:59,EURUSD-OTC,tendencia_rsi,SELL,loss,2.0,-2.0,253.33,1
2026-07-21 19:23:00,2026-07-21,19:23:00,martes,19:00-19:59,EURJPY-OTC,tendencia_rsi,BUY,loss,9.68,-9.68,243.65,0
2026-07-21 19:43:00,2026-07-21,19:43:00,martes,19:00-19:59,USDJPY-OTC,tendencia_rsi,SELL,win,4.4,3.61,247.26,0
2026-07-21 19:53:00,2026-07-21,19:53:00,martes,19:00-19:59,GBPUSD-OTC,tendencia_rsi,SELL,loss,2.0,-2.0,245.26,1
2026-07-21 19:59:00,2026-07-21,19:59:00,martes,19:00-19:59,GBPUSD-OTC,patron_velas,SELL,win,4.4,3.74,249.0,0
2026-07-21 20:15:00,2026-07-21,20:15:00,martes,20:00-20:59,EURUSD-OTC,tendencia_rsi,BUY,win,4.4,3.83,252.83,0
2026-07-21 20:20:00,2026-07-21,20:20:00,martes,20:00-20:59,USDJPY-OTC,reversion_bb,SELL,win,2.0,1.64,254.47,0
2026-07-21 20:42:00,2026-07-21,20:42:00,martes,20:00-20:59,AUDCAD-OTC,patron_velas,BUY,loss,2.0,-2.0,252.47,1
2026-07-21 20:53:00,2026-07-21,20:53:00,martes,20:00-20:59,GBPUSD-OTC,tendencia_rsi,SELL,win,2.0,1.7,254.17,0
2026-07-22 09:54:00,2026-07-22,09:54:00,miércoles,09:00-09:59,USDJPY-OTC,reversion_bb,BUY,loss,2.0,-2.0,252.17,1
2026-07-22 10:16:00,2026-07-22,10:16:00,miércoles,10:00-10:59,USDJPY-OTC,tendencia_rsi,BUY,win,4.4,3.61,255.78,0
2026-07-22 10:39:00,2026-07-22,10:39:00,miércoles,10:00-10:59,EURUSD-OTC,patron_velas,SELL,win,2.0,1.74,257.52,0
2026-07-22 10:41:00,2026-07-22,10:41:00,miércoles,10:00-10:59,AUDCAD-OTC,tendencia_rsi,BUY,loss,4.4,-4.4,253.12,2
2026-07-22 10:45:00,2026-07-22,10:45:00,miércoles,10:00-10:59,GBPUSD-OTC,patron_velas,SELL,loss,2.0,-2.0,251.12,1
2026-07-22 11:02:00,2026-07-22,11:02:00,miércoles,11:00-11:59,USDJPY-OTC,tendencia_rsi,BUY,win,2.0,1.64,252.76,0
2026-07-22 11:06:00,2026-07-22,11:06:00,miércoles,11:00-11:59,EURUSD-OTC,reversion_bb,BUY,loss,2.0,-2.0,250.76,1
2026-07-22 11:22:00,2026-07-22,11:22:00,miércoles,11:00-11:59,EURJPY-OTC,patron_velas,SELL,loss,2.0,-2.0,248.76,1
2026-07-22 11:28:00,2026-07-22,11:28:00,miércoles,11:00-11:59,AUDCAD-OTC,reversion_bb,BUY,loss,9.68,-9.68,239.08,0
2026-07-22 11:43:00,2026-07-22,11:43:00,miércoles,11:00-11:59,USDJPY-OTC,patron_velas,BUY,loss,2.0,-2.0,237.08,1
2026-07-22 12:02:00,2026-07-22,12:02:00,miércoles,12:00-12:59,EURUSD-OTC,reversion_bb,SELL,win,4.4,3.83,240.91,0
2026-07-22 12:13:00,2026-07-22,12:13:00,miércoles,12:00-12:59,EURUSD-OTC,tendencia_rsi,BUY,loss,2.0,-2.0,238.91,1
2026-07-22 12:37:00,2026-07-22,12:37:00,miércoles,12:00-12:59,USDJPY-OTC,reversion_bb,SELL,loss,4.4,-4.4,234.51,2
2026-07-22 12:43:00,2026-07-22,12:43:00,miércoles,12:00-12:59,GBPUSD-OTC,reversion_bb,BUY,win,4.4,3.74,238.25,0
2026-07-22 12:55:00,2026-07-22,12:55:00,miércoles,12:00-12:59,EURJPY-OTC,patron_velas,SELL,loss,4.4,-4.4,233.85,2
2026-07-22 13:11:00,2026-07-22,13:11:00,miércoles,13:00-13:59,AUDCAD-OTC,reversion_bb,BUY,win,2.0,1.58,235.43,0
2026-07-22 13:15:00,2026-07-22,13:15:00,miércoles,13:00-13:59,USDJPY-OTC,reversion_bb,SELL,empate,9.68,0.0,235.43,0
2026-07-22 13:35:00,2026-07-22,13:35:00,miércoles,13:00-13:59,EURJPY-OTC,tendencia_rsi,SELL,win,9.68,7.74,243.17,0
2026-07-22 13:54:00,2026-07-22,13:54:00,miércoles,13:00-13:59,GBPUSD-OTC,patron_velas,SELL,win,2.0,1.7,244.87,0
2026-07-22 14:05:00,2026-07-22,14:05:00,miércoles,14:00-14:59,EURUSD-OTC,tendencia_rsi,SELL,win,4.4,3.83,248.7,0
2026-07-22 14:07:00,2026-07-22,14:07:00,miércoles,14:00-14:59,EURJPY-OTC,tendencia_rsi,BUY,win,2.0,1.6,250.3,0
2026-07-22 14:19:00,2026-07-22,14:19:00,miércoles,14:00-14:59,EURUSD-OTC,reversion_bb,BUY,loss,2.0,-2.0,248.3,1
2026-07-22 14:21:00,2026-07-22,14:21:00,miércoles,14:00-14:59,GBPUSD-OTC,tendencia_rsi,BUY,loss,2.0,-2.0,246.3,1
2026-07-22 14:45:00,2026-07-22,14:45:00,miércoles,14:00-14:59,GBPUSD-OTC,reversion_bb,SELL,win,4.4,3.74,250.04,0
2026-07-22 14:59:00,2026-07-22,14:59:00,miércoles,14:00-14:59,USDJPY-OTC,reversion_bb,BUY,win,2.0,1.64,251.68,0
2026-07-22 15:16:00,2026-07-22,15:16:00,miércoles,15:00-15:59,EURJPY-OTC,patron_velas,BUY,win,2.0,1.6,253.28,0
2026-07-22 15:31:00,2026-07-22,15:31:00,miércoles,15:00-15:59,USDJPY-OTC,tendencia_rsi,SELL,loss,2.0,-2.0,251.28,1
2026-07-22 15:50:00,2026-07-22,15:50:00,miércoles,15:00-15:59,EURUSD-OTC,patron_velas,BUY,win,4.4,3.83,255.11,0
2026-07-22 16:05:00,2026-07-22,16:05:00,miércoles,16:00-16:59,EURJPY-OTC,tendencia_rsi,SELL,win,2.0,1.6,256.71,0
2026-07-22 16:28:00,2026-07-22,16:28:00,miércoles,16:00-16:59,GBPUSD-OTC,reversion_bb,SELL,win,2.0,1.7,258.41,0
2026-07-22 16:38:00,2026-07-22,16:38:00,miércoles,16:00-16:59,EURUSD-OTC,reversion_bb,BUY,win,2.0,1.74,260.15,0
2026-07-22 16:45:00,2026-07-22,16:45:00,miércoles,16:00-16:59,EURUSD-OTC,reversion_bb,SELL,empate,2.0,0.0,260.15,0
2026-07-22 16:48:00,2026-07-22,16:48:00,miércoles,16:00-16:59,USDJPY-OTC,tendencia_rsi,BUY,win,4.4,3.61,263.76,0
2026-07-22 17:09:00,2026-07-22,17:09:00,miércoles,17:00-17:59,EURJPY-OTC,patron_velas,SELL,win,2.0,1.6,265.36,0
2026-07-22 17:23:00,2026-07-22,17:23:00,miércoles,17:00-17:59,GBPUSD-OTC,reversion_bb,SELL,loss,2.0,-2.0,263.36,1
2026-07-22 17:33:00,2026-07-22,17:33:00,miércoles,17:00-17:59,EURJPY-OTC,reversion_bb,BUY,win,2.0,1.6,264.96,0
2026-07-22 17:50:00,2026-07-22,17:50:00,miércoles,17:00-17:59,GBPUSD-OTC,reversion_bb,SELL,loss,4.4,-4.4,260.56,2
2026-07-22 18:08:00,2026-07-22,18:08:00,miércoles,18:00-18:59,AUDCAD-OTC,reversion_bb,BUY,win,2.0,1.58,262.14,0
2026-07-22 18:10:00,2026-07-22,18:10:00,miércoles,18:00-18:59,EURJPY-OTC,reversion_bb,SELL,win,2.0,1.6,263.74,0
2026-07-22 18:31:00,2026-07-22,18:31:00,miércoles,18:00-18:59,GBPUSD-OTC,reversion_bb,SELL,win,9.68,8.23,271.97,0
2026-07-22 18:49:00,2026-07-22,18:49:00,miércoles,18:00-18:59,GBPUSD-OTC,patron_velas,BUY,loss,2.0,-2.0,269.97,1
2026-07-22 18:55:00,2026-07-22,18:55:00,miércoles,18:00-18:59,AUDCAD-OTC,tendencia_rsi,BUY,desconocido,2.0,0.0,269.97,0
2026-07-22 19:01:00,2026-07-22,19:01:00,miércoles,19:00-19:59,EURUSD-OTC,reversion_bb,BUY,loss,2.0,-2.0,267.97,1
2026-07-22 19:18:00,2026-07-22,19:18:00,miércoles,19:00-19:59,EURJPY-OTC,tendencia_rsi,SELL,loss,2.0,-2.0,265.97,1
2026-07-22 19:20:00,2026-07-22,19:20:00,miércoles,19:00-19:59,GBPUSD-OTC,reversion_bb,SELL,loss,4.4,-4.4,261.57,2
2026-07-22 19:28:00,2026-07-22,19:28:00,miércoles,19:00-19:59,EURUSD-OTC,patron_velas,SELL,win,4.4,3.83,265.4,0
2026-07-22 19:40:00,2026-07-22,19:40:00,miércoles,19:00-19:59,USDJPY-OTC,reversion_bb,SELL,win,2.0,1.64,267.04,0
2026-07-22 20:03:00,2026-07-22,20:03:00,miércoles,20:00-20:59,EURUSD-OTC,reversion_bb,SELL,win,2.0,1.74,268.78,0
2026-07-22 20:26:00,2026-07-22,20:26:00,miércoles,20:00-20:59,EURJPY-OTC,patron_velas,SELL,loss,4.4,-4.4,264.38,2
2026-07-22 20:28:00,2026-07-22,20:28:00,miércoles,20:00-20:59,EURJPY-OTC,patron_velas,BUY,win,9.68,7.74,272.12,0
2026-07-22 20:44:00,2026-07-22,20:44:00,miércoles,20:00-20:59,EURUSD-OTC,patron_velas,SELL,loss,2.0,-2.0,270.12,1
2026-07-23 08:59:00,2026-07-23,08:59:00,jueves,08:00-08:59,AUDCAD-OTC,patron_velas,SELL,win,2.0,1.58,271.7,0
2026-07-23 09:18:00,2026-07-23,09:18:00,jueves,09:00-09:59,EURUSD-OTC,reversion_bb,BUY,win,4.4,3.83,275.53,0
2026-07-23 09:30:00,2026-07-23,09:30:00,jueves,09:00-09:59,USDJPY-OTC,reversion_bb,SELL,loss,2.0,-2.0,273.53,1
2026-07-23 09:46:00,2026-07-23,09:46:00,jueves,09:00-09:59,EURJPY-OTC,tendencia_rsi,BUY,loss,2.0,-2.0,271.53,1
2026-07-23 10:09:00,2026-07-23,10:09:00,jueves,10:00-10:59,GBPUSD-OTC,tendencia_rsi,SELL,win,9.68,8.23,279.76,0
2026-07-23 10:29:00,2026-07-23,10:29:00,jueves,10:00-10:59,EURUSD-OTC,tendencia_rsi,BUY,win,2.0,1.74,281.5,0
2026-07-23 10:44:00,2026-07-23,10:44:00,jueves,10:00-10:59,EURJPY-OTC,tendencia_rsi,BUY,loss,4.4,-4.4,277.1,2
2026-07-23 11:06:00,2026-07-23,11:06:00,jueves,11:00-11:59,GBPUSD-OTC,tendencia_rsi,SELL,win,2.0,1.7,278.8,0
2026-07-23 11:21:00,2026-07-23,11:21:00,jueves,11:00-11:59,AUDCAD-OTC,tendencia_rsi,SELL,loss,2.0,-2.0,276.8,1
2026-07-23 11:30:00,2026-07-23,11:30:00,jueves,11:00-11:59,AUDCAD-OTC,patron_velas,SELL,empate,4.4,0.0,276.8,0
2026-07-23 11:38:00,2026-07-23,11:38:00,jueves,11:00-11:59,USDJPY-OTC,reversion_bb,SELL,win,4.4,3.61,280.41,0
2026-07-23 11:46:00,2026-07-23,11:46:00,jueves,11:00-11:59,AUDCAD-OTC,reversion_bb,BUY,loss,2.0,-2.0,278.41,1
2026-07-23 11:56:00,2026-07-23,11:56:00,jueves,11:00-11:59,AUDCAD-OTC,reversion_bb,BUY,win,4.4,3.48,281.89,0
2026-07-23 12:16:00,2026-07-23,12:16:00,jueves,12:00-12:59,GBPUSD-OTC,patron_velas,BUY,loss,2.0,-2.0,279.89,1
2026-07-23 12:36:00,2026-07-23,12:36:00,jueves,12:00-12:59,EURUSD-OTC,patron_velas,BUY,loss,2.0,-2.0,277.89,1
2026-07-23 12:45:00,2026-07-23,12:45:00,jueves,12:00-12:59,EURJPY-OTC,patron_velas,BUY,win,9.68,7.74,285.63,0
2026-07-23 12:58:00,2026-07-23,12:58:00,jueves,12:00-12:59,USDJPY-OTC,reversion_bb,BUY,win,2.0,1.64,287.27,0
2026-07-23 13:07:00,2026-07-23,13:07:00,jueves,13:00-13:59,AUDCAD-OTC,patron_velas,SELL,win,2.0,1.58,288.85,0
2026-07-23 13:14:00,2026-07-23,13:14:00,jueves,13:00-13:59,USDJPY-OTC,patron_velas,BUY,loss,2.0,-2.0,286.85,1
2026-07-23 13:25:00,2026-07-23,13:25:00,jueves,13:00-13:59,USDJPY-OTC,tendencia_rsi,BUY,win,4.4,3.61,290.46,0
2026-07-23 13:32:00,2026-07-23,13:32:00,jueves,13:00-13:59,AUDCAD-OTC,patron_velas,SELL,win,2.0,1.58,292.04,0
2026-07-23 13:39:00,2026-07-23,13:39:00,jueves,13:00-13:59,GBPUSD-OTC,reversion_bb,SELL,loss,4.4,-4.4,287.64,2
2026-07-23 14:00:00,2026-07-23,14:00:00,jueves,14:00-14:59,AUDCAD-OTC,patron_velas,BUY,win,2.0,1.58,289.22,0
2026-07-23 14:15:00,2026-07-23,14:15:00,jueves,14:00-14:59,EURJPY-OTC,tendencia_rsi,SELL,win,2.0,1.6,290.82,0
2026-07-23 14:22:00,2026-07-23,14:22:00,jueves,14:00-14:59,USDJPY-OTC,patron_velas,SELL,win,2.0,1.64,292.46,0
2026-07-23 14:25:00,2026-07-23,14:25:00,jueves,14:00-14:59,EURUSD-OTC,patron_velas,SELL,win,4.4,3.83,296.29,0
2026-07-23 14:46:00,2026-07-23,14:46:00,jueves,14:00-14:59,EURUSD-OTC,reversion_bb,SELL,loss,2.0,-2.0,294.29,1
2026-07-23 14:57:00,2026-07-23,14:57:00,jueves,14:00-14:59,EURJPY-OTC,reversion_bb,SELL,loss,2.0,-2.0,292.29,1
2026-07-23 15:12:00,2026-07-23,15:12:00,jueves,15:00-15:59,EURUSD-OTC,patron_velas,SELL,loss,4.4,-4.4,287.89,2
2026-07-23 15:30:00,2026-07-23,15:30:00,jueves,15:00-15:59,AUDCAD-OTC,reversion_bb,BUY,win,2.0,1.58,289.47,0
2026-07-23 15:41:00,2026-07-23,15:41:00,jueves,15:00-15:59,AUDCAD-OTC,reversion_bb,SELL,loss,2.0,-2.0,287.47,1
2026-07-23 16:01:00,2026-07-23,16:01:00,jueves,16:00-16:59,EURUSD-OTC,tendencia_rsi,SELL,win,9.68,8.42,295.89,0
2026-07-23 16:04:00,2026-07-23,16:04:00,jueves,16:00-16:59,EURJPY-OTC,patron_velas,SELL,loss,4.4,-4.4,291.49,2
2026-07-23 16:27:00,2026-07-23,16:27:00,jueves,16:00-16:59,EURJPY-OTC,tendencia_rsi,SELL,loss,9.68,-9.68,281.81,0
2026-07-23 16:46:00,2026-07-23,16:46:00,jueves,16:00-16:59,EURJPY-OTC,patron_velas,SELL,win,2.0,1.6,283.41,0
2026-07-23 17:06:00,2026-07-23,17:06:00,jueves,17:00-17:59,EURUSD-OTC,tendencia_rsi,BUY,loss,2.0,-2.0,281.41,1
2026-07-23 17:25:00,2026-07-23,17:25:00,jueves,17:00-17:59,AUDCAD-OTC,reversion_bb,BUY,desconocido,4.4,0.0,281.41,0
2026-07-23 17:50:00,2026-07-23,17:50:00,jueves,17:00-17:59,USDJPY-OTC,tendencia_rsi,SELL,win,2.0,1.64,283.05,0
2026-07-23 18:08:00,2026-07-23,18:08:00,jueves,18:00-18:59,EURJPY-OTC,tendencia_rsi,BUY,loss,2.0,-2.0,281.05,1
2026-07-23 18:19:00,2026-07-23,18:19:00,jueves,18:00-18:59,EURUSD-OTC,reversion_bb,SELL,win,4.4,3.83,284.88,0
2026-07-23 18:25:00,2026-07-23,18:25:00,jueves,18:00-18:59,EURJPY-OTC,tendencia_rsi,BUY,loss,4.4,-4.4,280.48,2
2026-07-23 18:33:00,2026-07-23,18:33:00,jueves,18:00-18:59,USDJPY-OTC,reversion_bb,BUY,win,2.0,1.64,282.12,0
2026-07-23 18:52:00,2026-07-23,18:52:00,jueves,18:00-18:59,GBPUSD-OTC,tendencia_rsi,BUY,loss,9.68,-9.68,272.44,0
2026-07-23 19:03:00,2026-07-23,19:03:00,jueves,19:00-19:59,USDJPY-OTC,reversion_bb,BUY,loss,2.0,-2.0,270.44,1
2026-07-23 19:15:00,2026-07-23,19:15:00,jueves,19:00-19:59,EURJPY-OTC,reversion_bb,SELL,win,9.68,7.74,278.18,0
2026-07-23 19:20:00,2026-07-23,19:20:00,jueves,19:00-19:59,GBPUSD-OTC,reversion_bb,SELL,win,2.0,1.7,279.88,0
2026-07-23 19:30:00,2026-07-23,19:30:00,jueves,19:00-19:59,USDJPY-OTC,patron_velas,BUY,win,4.4,3.61,283.49,0
2026-07-23 19:41:00,2026-07-23,19:41:00,jueves,19:00-19:59,GBPUSD-OTC,patron_velas,BUY,win,2.0,1.7,285.19,0
2026-07-23 19:57:00,2026-07-23,19:57:00,jueves,19:00-19:59,EURUSD-OTC,reversion_bb,BUY,win,2.0,1.74,286.93,0
2026-07-23 19:59:00,2026-07-23,19:59:00,jueves,19:00-19:59,AUDCAD-OTC,patron_velas,BUY,win,2.0,1.58,288.51,0
2026-07-23 20:06:00,2026-07-23,20:06:00,jueves,20:00-20:59,USDJPY-OTC,tendencia_rsi,BUY,win,2.0,1.64,290.15,0
2026-07-23 20:13:00,2026-07-23,20:13:00,jueves,20:00-20:59,GBPUSD-OTC,tendencia_rsi,SELL,loss,2.0,-2.0,288.15,1
2026-07-23 20:15:00,2026-07-23,20:15:00,jueves,20:00-20:59,EURJPY-OTC,tendencia_rsi,SELL,loss,2.0,-2.0,286.15,1
2026-07-23 20:27:00,2026-07-23,20:27:00,jueves,20:00-20:59,EURJPY-OTC,tendencia_rsi,BUY,loss,4.4,-4.4,281.75,2
2026-07-23 20:48:00,2026-07-23,20:48:00,jueves,20:00-20:59,GBPUSD-OTC,tendencia_rsi,SELL,win,4.4,3.74,285.49,0
2026-07-24 08:50:00,2026-07-24,08:50:00,viernes,08:00-08:59,GBPUSD-OTC,reversion_bb,SELL,win,2.0,1.7,287.19,0
2026-07-24 09:00:00,2026-07-24,09:00:00,viernes,09:00-09:59,EURUSD-OTC,tendencia_rsi,SELL,loss,2.0,-2.0,285.19,1
2026-07-24 09:07:00,2026-07-24,09:07:00,viernes,09:00-09:59,USDJPY-OTC,tendencia_rsi,SELL,loss,2.0,-2.0,283.19,1
2026-07-24 09:25:00,2026-07-24,09:25:00,viernes,09:00-09:59,EURJPY-OTC,patron_velas,BUY,loss,9.68,-9.68,273.51,0
2026-07-24 09:30:00,2026-07-24,09:30:00,viernes,09:00-09:59,GBPUSD-OTC,patron_velas,BUY,loss,2.0,-2.0,271.51,1
2026-07-24 09:51:00,2026-07-24,09:51:00,viernes,09:00-09:59,GBPUSD-OTC,tendencia_rsi,SELL,win,4.4,3.74,275.25,0
2026-07-24 10:12:00,2026-07-24,10:12:00,viernes,10:00-10:59,AUDCAD-OTC,reversion_bb,BUY,loss,2.0,-2.0,273.25,1
2026-07-24 10:26:00,2026-07-24,10:26:00,viernes,10:00-10:59,USDJPY-OTC,tendencia_rsi,SELL,loss,4.4,-4.4,268.85,2
2026-07-24 10:29:00,2026-07-24,10:29:00,viernes,10:00-10:59,USDJPY-OTC,reversion_bb,BUY,loss,9.68,-9.68,259.17,0
2026-07-24 10:35:00,2026-07-24,10:35:00,viernes,10:00-10:59,EURJPY-OTC,patron_velas,SELL,win,2.0,1.6,260.77,0
2026-07-24 10:53:00,2026-07-24,10:53:00,viernes,10:00-10:59,EURUSD-OTC,tendencia_rsi,BUY,loss,4.4,-4.4,256.37,2
2026-07-24 10:57:00,2026-07-24,10:57:00,viernes,10:00-10:59,EURJPY-OTC,patron_velas,BUY,win,2.0,1.6,257.97,0
2026-07-24 11:00:00,2026-07-24,11:00:00,viernes,11:00-11:59,AUDCAD-OTC,tendencia_rsi,BUY,win,4.4,3.48,261.45,0
2026-07-24 11:15:00,2026-07-24,11:15:00,viernes,11:00-11:59,EURJPY-OTC,tendencia_rsi,SELL,win,2.0,1.6,263.05,0
2026-07-24 11:36:00,2026-07-24,11:36:00,viernes,11:00-11:59,GBPUSD-OTC,tendencia_rsi,BUY,loss,2.0,-2.0,261.05,1
2026-07-24 12:01:00,2026-07-24,12:01:00,viernes,12:00-12:59,USDJPY-OTC,patron_velas,BUY,loss,2.0,-2.0,259.05,1
2026-07-24 12:17:00,2026-07-24,12:17:00,viernes,12:00-12:59,EURJPY-OTC,tendencia_rsi,BUY,loss,2.0,-2.0,257.05,1
2026-07-24 12:32:00,2026-07-24,12:32:00,viernes,12:00-12:59,USDJPY-OTC,tendencia_rsi,BUY,loss,4.4,-4.4,252.65,2
2026-07-24 12:49:00,2026-07-24,12:49:00,viernes,12:00-12:59,GBPUSD-OTC,reversion_bb,SELL,win,4.4,3.74,256.39,0
2026-07-24 13:06:00,2026-07-24,13:06:00,viernes,13:00-13:59,EURJPY-OTC,reversion_bb,SELL,loss,4.4,-4.4,251.99,2
2026-07-24 13:14:00,2026-07-24,13:14:00,viernes,13:00-13:59,AUDCAD-OTC,reversion_bb,SELL,win,2.0,1.58,253.57,0
2026-07-24 13:27:00,2026-07-24,13:27:00,viernes,13:00-13:59,USDJPY-OTC,patron_velas,BUY,empate,9.68,0.0,253.57,0
2026-07-24 13:52:00,2026-07-24,13:52:00,viernes,13:00-13:59,USDJPY-OTC,patron_velas,BUY,loss,2.0,-2.0,251.57,1
2026-07-24 14:02:00,2026-07-24,14:02:00,viernes,14:00-14:59,EURUSD-OTC,reversion_bb,SELL,loss,9.68,-9.68,241.89,0
2026-07-24 14:08:00,2026-07-24,14:08:00,viernes,14:00-14:59,GBPUSD-OTC,patron_velas,SELL,win,2.0,1.7,243.59,0
2026-07-24 14:22:00,2026-07-24,14:22:00,viernes,14:00-14:59,EURJPY-OTC,tendencia_rsi,SELL,win,9.68,7.74,251.33,0
2026-07-24 14:40:00,2026-07-24,14:40:00,viernes,14:00-14:59,EURUSD-OTC,reversion_bb,BUY,win,2.0,1.74,253.07,0
2026-07-24 14:48:00,2026-07-24,14:48:00,viernes,14:00-14:59,GBPUSD-OTC,patron_velas,SELL,win,2.0,1.7,254.77,0
2026-07-24 15:03:00,2026-07-24,15:03:00,viernes,15:00-15:59,EURJPY-OTC,reversion_bb,SELL,win,2.0,1.6,256.37,0
2026-07-24 15:15:00,2026-07-24,15:15:00,viernes,15:00-15:59,EURJPY-OTC,patron_velas,SELL,loss,2.0,-2.0,254.37,1
2026-07-24 15:34:00,2026-07-24,15:34:00,viernes,15:00-15:59,EURJPY-OTC,reversion_bb,SELL,loss,4.4,-4.4,249.97,2
2026-07-24 15:43:00,2026-07-24,15:43:00,viernes,15:00-15:59,EURUSD-OTC,reversion_bb,BUY,loss,2.0,-2.0,247.97,1
2026-07-24 15:46:00,2026-07-24,15:46:00,viernes,15:00-15:59,EURUSD-OTC,patron_velas,SELL,win,4.4,3.83,251.8,0
2026-07-24 16:09:00,2026-07-24,16:09:00,viernes,16:00-16:59,EURUSD-OTC,tendencia_rsi,BUY,win,2.0,1.74,253.54,0
2026-07-24 16:22:00,2026-07-24,16:22:00,viernes,16:00-16:59,GBPUSD-OTC,patron_velas,BUY,loss,2.0,-2.0,251.54,1
2026-07-24 16:36:00,2026-07-24,16:36:00,viernes,16:00-16:59,EURJPY-OTC,tendencia_rsi,SELL,loss,9.68,-9.68,241.86,0
2026-07-24 16:53:00,2026-07-24,16:53:00,viernes,16:00-16:59,USDJPY-OTC,tendencia_rsi,SELL,win,4.4,3.61,245.47,0
2026-07-24 17:00:00,2026-07-24,17:00:00,viernes,17:00-17:59,USDJPY-OTC,patron_velas,SELL,win,2.0,1.64,247.11,0
2026-07-24 17:15:00,2026-07-24,17:15:00,viernes,17:00-17:59,GBPUSD-OTC,reversion_bb,SELL,loss,4.4,-4.4,242.71,2
2026-07-24 17:39:00,2026-07-24,17:39:00,viernes,17:00-17:59,EURUSD-OTC,reversion_bb,SELL,loss,2.0,-2.0,240.71,1
2026-07-24 17:49:00,2026-07-24,17:49:00,viernes,17:00-17:59,EURUSD-OTC,reversion_bb,SELL,win,4.4,3.83,244.54,0
2026-07-24 18:14:00,2026-07-24,18:14:00,viernes,18:00-18:59,USDJPY-OTC,reversion_bb,SELL,win,2.0,1.64,246.18,0
2026-07-24 18:27:00,2026-07-24,18:27:00,viernes,18:00-18:59,AUDCAD-OTC,reversion_bb,BUY,loss,2.0,-2.0,244.18,1
2026-07-24 18:49:00,2026-07-24,18:49:00,viernes,18:00-18:59,EURJPY-OTC,reversion_bb,SELL,loss,2.0,-2.0,242.18,1
2026-07-24 18:51:00,2026-07-24,18:51:00,viernes,18:00-18:59,AUDCAD-OTC,patron_velas,BUY,loss,4.4,-4.4,237.78,2
2026-07-24 19:12:00,2026-07-24,19:12:00,viernes,19:00-19:59,AUDCAD-OTC,reversion_bb,BUY,win,9.68,7.65,245.43,0
2026-07-24 19:28:00,2026-07-24,19:28:00,viernes,19:00-19:59,EURJPY-OTC,reversion_bb,BUY,win,4.4,3.52,248.95,0
2026-07-24 19:51:00,2026-07-24,19:51:00,viernes,19:00-19:59,AUDCAD-OTC,reversion_bb,BUY,win,2.0,1.58,250.53,0
2026-07-24 19:57:00,2026-07-24,19:57:00,viernes,19:00-19:59,AUDCAD-OTC,tendencia_rsi,BUY,win,2.0,1.58,252.11,0
2026-07-24 20:06:00,2026-07-24,20:06:00,viernes,20:00-20:59,AUDCAD-OTC,tendencia_rsi,BUY,loss,2.0,-2.0,250.11,1
2026-07-24 20:15:00,2026-07-24,20:15:00,viernes,20:00-20:59,AUDCAD-OTC,reversion_bb,BUY,loss,4.4,-4.4,245.71,2
2026-07-24 20:36:00,2026-07-24,20:36:00,viernes,20:00-20:59,AUDCAD-OTC,patron_velas,SELL,win,9.68,7.65,253.36,0
2026-07-24 20:41:00,2026-07-24,20:41:00,viernes,20:00-20:59,EURUSD-OTC,reversion_bb,SELL,win,2.0,1.74,255.1,0
2026-07-25 07:12:00,2026-07-25,07:12:00,sábado,07:00-07:59,GBPUSD-OTC,tendencia_rsi,SELL,loss,9.68,-9.68,245.42,0
2026-07-25 07:25:00,2026-07-25,07:25:00,sábado,07:00-07:59,EURJPY-OTC,reversion_bb,SELL,loss,2.0,-2.0,243.42,1
2026-07-25 07:34:00,2026-07-25,07:34:00,sábado,07:00-07:59,GBPUSD-OTC,reversion_bb,BUY,win,2.0,1.7,245.12,0
2026-07-25 07:38:00,2026-07-25,07:38:00,sábado,07:00-07:59,EURUSD-OTC,tendencia_rsi,SELL,win,2.0,1.74,246.86,0
2026-07-25 07:56:00,2026-07-25,07:56:00,sábado,07:00-07:59,EURJPY-OTC,tendencia_rsi,SELL,loss,4.4,-4.4,242.46,2
2026-07-25 07:59:00,2026-07-25,07:59:00,sábado,07:00-07:59,USDJPY-OTC,reversion_bb,SELL,loss,2.0,-2.0,240.46,1
2026-07-25 08:09:00,2026-07-25,08:09:00,sábado,08:00-08:59,USDJPY-OTC,reversion_bb,SELL,win,4.4,3.61,244.07,0
2026-07-25 08:17:00,2026-07-25,08:17:00,sábado,08:00-08:59,AUDCAD-OTC,tendencia_rsi,BUY,win,2.0,1.58,245.65,0
2026-07-25 08:38:00,2026-07-25,08:38:00,sábado,08:00-08:59,USDJPY-OTC,tendencia_rsi,SELL,win,2.0,1.64,247.29,0
2026-07-25 08:47:00,2026-07-25,08:47:00,sábado,08:00-08:59,GBPUSD-OTC,tendencia_rsi,BUY,loss,2.0,-2.0,245.29,1
2026-07-25 08:57:00,2026-07-25,08:57:00,sábado,08:00-08:59,USDJPY-OTC,reversion_bb,SELL,loss,2.0,-2.0,243.29,1
2026-07-25 09:20:00,2026-07-25,09:20:00,sábado,09:00-09:59,GBPUSD-OTC,tendencia_rsi,BUY,loss,4.4,-4.4,238.89,2
2026-07-25 09:28:00,2026-07-25,09:28:00,sábado,09:00-09:59,USDJPY-OTC,reversion_bb,BUY,loss,4.4,-4.4,234.49,2
2026-07-25 09:42:00,2026-07-25,09:42:00,sábado,09:00-09:59,USDJPY-OTC,tendencia_rsi,BUY,loss,9.68,-9.68,224.81,0
2026-07-25 09:55:00,2026-07-25,09:55:00,sábado,09:00-09:59,EURUSD-OTC,reversion_bb,SELL,loss,2.0,-2.0,222.81,1
2026-07-25 10:04:00,2026-07-25,10:04:00,sábado,10:00-10:59,EURJPY-OTC,patron_velas,SELL,loss,9.68,-9.68,213.13,0
2026-07-25 10:27:00,2026-07-25,10:27:00,sábado,10:00-10:59,GBPUSD-OTC,patron_velas,SELL,loss,9.68,-9.68,203.45,0
2026-07-25 10:34:00,2026-07-25,10:34:00,sábado,10:00-10:59,EURUSD-OTC,patron_velas,SELL,win,4.4,3.83,207.28,0
2026-07-25 10:49:00,2026-07-25,10:49:00,sábado,10:00-10:59,EURUSD-OTC,tendencia_rsi,BUY,win,2.0,1.74,209.02,0
2026-07-25 10:59:00,2026-07-25,10:59:00,sábado,10:00-10:59,EURJPY-OTC,reversion_bb,BUY,win,2.0,1.6,210.62,0
2026-07-25 11:12:00,2026-07-25,11:12:00,sábado,11:00-11:59,AUDCAD-OTC,reversion_bb,BUY,win,2.0,1.58,212.2,0
2026-07-25 11:23:00,2026-07-25,11:23:00,sábado,11:00-11:59,EURUSD-OTC,tendencia_rsi,BUY,win,2.0,1.74,213.94,0
2026-07-25 11:38:00,2026-07-25,11:38:00,sábado,11:00-11:59,EURJPY-OTC,tendencia_rsi,SELL,loss,2.0,-2.0,211.94,1
2026-07-25 11:57:00,2026-07-25,11:57:00,sábado,11:00-11:59,EURUSD-OTC,tendencia_rsi,SELL,loss,2.0,-2.0,209.94,1
2026-07-25 12:07:00,2026-07-25,12:07:00,sábado,12:00-12:59,GBPUSD-OTC,reversion_bb,SELL,loss,2.0,-2.0,207.94,1
2026-07-25 12:27:00,2026-07-25,12:27:00,sábado,12:00-12:59,EURUSD-OTC,tendencia_rsi,BUY,loss,4.4,-4.4,203.54,2
2026-07-25 12:50:00,2026-07-25,12:50:00,sábado,12:00-12:59,EURUSD-OTC,reversion_bb,SELL,loss,9.68,-9.68,193.86,0
2026-07-25 12:54:00,2026-07-25,12:54:00,sábado,12:00-12:59,AUDCAD-OTC,reversion_bb,BUY,empate,2.0,0.0,193.86,0
2026-07-25 12:58:00,2026-07-25,12:58:00,sábado,12:00-12:59,USDJPY-OTC,tendencia_rsi,BUY,win,2.0,1.64,195.5,0
2026-07-25 13:23:00,2026-07-25,13:23:00,sábado,13:00-13:59,EURJPY-OTC,reversion_bb,BUY,loss,4.4,-4.4,191.1,2
2026-07-25 13:40:00,2026-07-25,13:40:00,sábado,13:00-13:59,EURJPY-OTC,patron_velas,BUY,loss,9.68,-9.68,181.42,0
2026-07-25 13:42:00,2026-07-25,13:42:00,sábado,13:00-13:59,AUDCAD-OTC,tendencia_rsi,SELL,win,2.0,1.58,183.0,0
2026-07-25 14:00:00,2026-07-25,14:00:00,sábado,14:00-14:59,USDJPY-OTC,reversion_bb,SELL,win,2.0,1.64,184.64,0
2026-07-25 14:10:00,2026-07-25,14:10:00,sábado,14:00-14:59,EURUSD-OTC,patron_velas,SELL,win,2.0,1.74,186.38,0
2026-07-25 14:18:00,2026-07-25,14:18:00,sábado,14:00-14:59,GBPUSD-OTC,tendencia_rsi,SELL,win,4.4,3.74,190.12,0
2026-07-25 14:41:00,2026-07-25,14:41:00,sábado,14:00-14:59,GBPUSD-OTC,tendencia_rsi,SELL,win,2.0,1.7,191.82,0
2026-07-25 14:54:00,2026-07-25,14:54:00,sábado,14:00-14:59,GBPUSD-OTC,reversion_bb,SELL,empate,2.0,0.0,191.82,0
2026-07-25 15:12:00,2026-07-25,15:12:00,sábado,15:00-15:59,EURUSD-OTC,reversion_bb,BUY,loss,2.0,-2.0,189.82,1
2026-07-25 15:14:00,2026-07-25,15:14:00,sábado,15:00-15:59,GBPUSD-OTC,reversion_bb,SELL,loss,2.0,-2.0,187.82,1
2026-07-25 15:29:00,2026-07-25,15:29:00,sábado,15:00-15:59,EURJPY-OTC,tendencia_rsi,BUY,loss,2.0,-2.0,185.82,1
2026-07-25 15:39:00,2026-07-25,15:39:00,sábado,15:00-15:59,EURUSD-OTC,patron_velas,BUY,loss,4.4,-4.4,181.42,2
2026-07-25 15:52:00,2026-07-25,15:52:00,sábado,15:00-15:59,AUDCAD-OTC,tendencia_rsi,SELL,loss,2.0,-2.0,179.42,1
2026-07-25 16:14:00,2026-07-25,16:14:00,sábado,16:00-16:59,EURUSD-OTC,tendencia_rsi,SELL,win,9.68,8.42,187.84,0
2026-07-25 16:38:00,2026-07-25,16:38:00,sábado,16:00-16:59,EURJPY-OTC,patron_velas,BUY,loss,4.4,-4.4,183.44,2
2026-07-25 17:03:00,2026-07-25,17:03:00,sábado,17:00-17:59,EURJPY-OTC,reversion_bb,SELL,win,9.68,7.74,191.18,0
2026-07-25 17:21:00,2026-07-25,17:21:00,sábado,17:00-17:59,GBPUSD-OTC,reversion_bb,BUY,loss,4.4,-4.4,186.78,2
2026-07-25 17:39:00,2026-07-25,17:39:00,sábado,17:00-17:59,EURJPY-OTC,reversion_bb,BUY,win,2.0,1.6,188.38,0
2026-07-25 17:51:00,2026-07-25,17:51:00,sábado,17:00-17:59,GBPUSD-OTC,patron_velas,SELL,loss,9.68,-9.68,178.7,0
2026-07-25 17:59:00,2026-07-25,17:59:00,sábado,17:00-17:59,EURJPY-OTC,patron_velas,BUY,loss,2.0,-2.0,176.7,1
2026-07-25 18:16:00,2026-07-25,18:16:00,sábado,18:00-18:59,EURUSD-OTC,tendencia_rsi,BUY,loss,2.0,-2.0,174.7,1
2026-07-25 18:21:00,2026-07-25,18:21:00,sábado,18:00-18:59,EURUSD-OTC,patron_velas,BUY,win,4.4,3.83,178.53,0
2026-07-25 18:24:00,2026-07-25,18:24:00,sábado,18:00-18:59,USDJPY-OTC,reversion_bb,BUY,win,2.0,1.64,180.17,0
2026-07-25 18:43:00,2026-07-25,18:43:00,sábado,18:00-18:59,EURUSD-OTC,reversion_bb,BUY,win,2.0,1.74,181.91,0
2026-07-25 18:47:00,2026-07-25,18:47:00,sábado,18:00-18:59,EURUSD-OTC,patron_velas,BUY,loss,2.0,-2.0,179.91,1
2026-07-25 18:51:00,2026-07-25,18:51:00,sábado,18:00-18:59,EURJPY-OTC,tendencia_rsi,BUY,loss,4.4,-4.4,175.51,2
2026-07-25 18:57:00,2026-07-25,18:57:00,sábado,18:00-18:59,USDJPY-OTC,tendencia_rsi,SELL,win,2.0,1.64,177.15,0
2026-07-25 19:06:00,2026-07-25,19:06:00,sábado,19:00-19:59,USDJPY-OTC,tendencia_rsi,BUY,loss,2.0,-2.0,175.15,1
2026-07-25 19:29:00,2026-07-25,19:29:00,sábado,19:00-19:59,AUDCAD-OTC,reversion_bb,BUY,win,4.4,3.48,178.63,0
2026-07-25 19:48:00,2026-07-25,19:48:00,sábado,19:00-19:59,USDJPY-OTC,patron_velas,SELL,loss,4.4,-4.4,174.23,2
2026-07-25 20:02:00,2026-07-25,20:02:00,sábado,20:00-20:59,EURUSD-OTC,reversion_bb,SELL,loss,4.4,-4.4,169.83,2
2026-07-25 20:25:00,2026-07-25,20:25:00,sábado,20:00-20:59,AUDCAD-OTC,tendencia_rsi,BUY,win,2.0,1.58,171.41,0
2026-07-25 20:32:00,2026-07-25,20:32:00,sábado,20:00-20:59,AUDCAD-OTC,reversion_bb,SELL,win,2.0,1.58,172.99,0
2026-07-25 20:45:00,2026-07-25,20:45:00,sábado,20:00-20:59,AUDCAD-OTC,patron_velas,BUY,win,2.0,1.58,174.57,0
2026-07-26 07:47:00,2026-07-26,07:47:00,domingo,07:00-07:59,USDJPY-OTC,reversion_bb,BUY,win,9.68,7.94,182.51,0
2026-07-26 08:09:00,2026-07-26,08:09:00,domingo,08:00-08:59,USDJPY-OTC,reversion_bb,SELL,loss,2.0,-2.0,180.51,1
2026-07-26 08:25:00,2026-07-26,08:25:00,domingo,08:00-08:59,GBPUSD-OTC,patron_velas,SELL,win,2.0,1.7,182.21,0
2026-07-26 08:34:00,2026-07-26,08:34:00,domingo,08:00-08:59,EURJPY-OTC,patron_velas,SELL,win,9.68,7.74,189.95,0
2026-07-26 08:38:00,2026-07-26,08:38:00,domingo,08:00-08:59,EURJPY-OTC,tendencia_rsi,SELL,win,2.0,1.6,191.55,0
2026-07-26 08:59:00,2026-07-26,08:59:00,domingo,08:00-08:59,GBPUSD-OTC,reversion_bb,SELL,win,2.0,1.7,193.25,0
2026-07-26 09:10:00,2026-07-26,09:10:00,domingo,09:00-09:59,AUDCAD-OTC,reversion_bb,BUY,win,2.0,1.58,194.83,0
2026-07-26 09:33:00,2026-07-26,09:33:00,domingo,09:00-09:59,AUDCAD-OTC,tendencia_rsi,SELL,empate,2.0,0.0,194.83,0
2026-07-26 09:39:00,2026-07-26,09:39:00,domingo,09:00-09:59,AUDCAD-OTC,reversion_bb,BUY,win,2.0,1.58,196.41,0
2026-07-26 09:59:00,2026-07-26,09:59:00,domingo,09:00-09:59,EURUSD-OTC,patron_velas,BUY,win,9.68,8.42,204.83,0
2026-07-26 10:03:00,2026-07-26,10:03:00,domingo,10:00-10:59,USDJPY-OTC,tendencia_rsi,SELL,loss,4.4,-4.4,200.43,2
2026-07-26 10:05:00,2026-07-26,10:05:00,domingo,10:00-10:59,GBPUSD-OTC,reversion_bb,SELL,win,2.0,1.7,202.13,0
2026-07-26 10:22:00,2026-07-26,10:22:00,domingo,10:00-10:59,AUDCAD-OTC,tendencia_rsi,SELL,loss,2.0,-2.0,200.13,1
2026-07-26 10:37:00,2026-07-26,10:37:00,domingo,10:00-10:59,GBPUSD-OTC,patron_velas,BUY,win,2.0,1.7,201.83,0
2026-07-26 10:41:00,2026-07-26,10:41:00,domingo,10:00-10:59,EURJPY-OTC,patron_velas,BUY,loss,2.0,-2.0,199.83,1
2026-07-26 10:59:00,2026-07-26,10:59:00,domingo,10:00-10:59,AUDCAD-OTC,tendencia_rsi,SELL,loss,4.4,-4.4,195.43,2
2026-07-26 11:04:00,2026-07-26,11:04:00,domingo,11:00-11:59,EURUSD-OTC,tendencia_rsi,SELL,loss,2.0,-2.0,193.43,1
2026-07-26 11:27:00,2026-07-26,11:27:00,domingo,11:00-11:59,EURJPY-OTC,tendencia_rsi,SELL,win,4.4,3.52,196.95,0
2026-07-26 11:40:00,2026-07-26,11:40:00,domingo,11:00-11:59,EURUSD-OTC,tendencia_rsi,BUY,win,4.4,3.83,200.78,0
2026-07-26 11:45:00,2026-07-26,11:45:00,domingo,11:00-11:59,USDJPY-OTC,patron_velas,BUY,win,9.68,7.94,208.72,0
2026-07-26 11:51:00,2026-07-26,11:51:00,domingo,11:00-11:59,EURUSD-OTC,patron_velas,BUY,win,2.0,1.74,210.46,0
2026-07-26 12:00:00,2026-07-26,12:00:00,domingo,12:00-12:59,AUDCAD-OTC,reversion_bb,SELL,loss,9.68,-9.68,200.78,0
2026-07-26 12:07:00,2026-07-26,12:07:00,domingo,12:00-12:59,AUDCAD-OTC,tendencia_rsi,BUY,loss,2.0,-2.0,198.78,1
2026-07-26 12:25:00,2026-07-26,12:25:00,domingo,12:00-12:59,GBPUSD-OTC,tendencia_rsi,SELL,win,2.0,1.7,200.48,0
2026-07-26 12:46:00,2026-07-26,12:46:00,domingo,12:00-12:59,AUDCAD-OTC,patron_velas,BUY,win,4.4,3.48,203.96,0
2026-07-26 12:55:00,2026-07-26,12:55:00,domingo,12:00-12:59,GBPUSD-OTC,tendencia_rsi,BUY,loss,2.0,-2.0,201.96,1
2026-07-26 13:06:00,2026-07-26,13:06:00,domingo,13:00-13:59,AUDCAD-OTC,patron_velas,SELL,win,2.0,1.58,203.54,0
2026-07-26 13:25:00,2026-07-26,13:25:00,domingo,13:00-13:59,EURUSD-OTC,reversion_bb,SELL,win,2.0,1.74,205.28,0
2026-07-26 13:44:00,2026-07-26,13:44:00,domingo,13:00-13:59,EURUSD-OTC,patron_velas,SELL,win,2.0,1.74,207.02,0
2026-07-26 13:52:00,2026-07-26,13:52:00,domingo,13:00-13:59,AUDCAD-OTC,tendencia_rsi,BUY,loss,2.0,-2.0,205.02,1
2026-07-26 14:06:00,2026-07-26,14:06:00,domingo,14:00-14:59,USDJPY-OTC,reversion_bb,SELL,win,2.0,1.64,206.66,0
2026-07-26 14:10:00,2026-07-26,14:10:00,domingo,14:00-14:59,EURJPY-OTC,reversion_bb,SELL,loss,2.0,-2.0,204.66,1
2026-07-26 14:26:00,2026-07-26,14:26:00,domingo,14:00-14:59,EURUSD-OTC,tendencia_rsi,BUY,win,2.0,1.74,206.4,0
2026-07-26 14:44:00,2026-07-26,14:44:00,domingo,14:00-14:59,EURJPY-OTC,patron_velas,BUY,loss,4.4,-4.4,202.0,2
2026-07-26 15:08:00,2026-07-26,15:08:00,domingo,15:00-15:59,USDJPY-OTC,tendencia_rsi,BUY,win,2.0,1.64,203.64,0
2026-07-26 15:26:00,2026-07-26,15:26:00,domingo,15:00-15:59,AUDCAD-OTC,reversion_bb,BUY,win,4.4,3.48,207.12,0
2026-07-26 15:28:00,2026-07-26,15:28:00,domingo,15:00-15:59,AUDCAD-OTC,reversion_bb,SELL,win,2.0,1.58,208.7,0
2026-07-26 15:39:00,2026-07-26,15:39:00,domingo,15:00-15:59,GBPUSD-OTC,patron_velas,BUY,win,4.4,3.74,212.44,0
2026-07-26 15:56:00,2026-07-26,15:56:00,domingo,15:00-15:59,EURUSD-OTC,patron_velas,BUY,win,2.0,1.74,214.18,0
2026-07-26 16:04:00,2026-07-26,16:04:00,domingo,16:00-16:59,USDJPY-OTC,patron_velas,SELL,loss,2.0,-2.0,212.18,1
2026-07-26 16:26:00,2026-07-26,16:26:00,domingo,16:00-16:59,USDJPY-OTC,reversion_bb,BUY,loss,4.4,-4.4,207.78,2
2026-07-26 16:30:00,2026-07-26,16:30:00,domingo,16:00-16:59,EURJPY-OTC,tendencia_rsi,SELL,win,9.68,7.74,215.52,0
2026-07-26 16:36:00,2026-07-26,16:36:00,domingo,16:00-16:59,GBPUSD-OTC,reversion_bb,SELL,win,2.0,1.7,217.22,0
2026-07-26 16:39:00,2026-07-26,16:39:00,domingo,16:00-16:59,EURJPY-OTC,patron_velas,SELL,win,2.0,1.6,218.82,0
2026-07-26 17:01:00,2026-07-26,17:01:00,domingo,17:00-17:59,EURUSD-OTC,patron_velas,BUY,loss,2.0,-2.0,216.82,1
2026-07-26 17:26:00,2026-07-26,17:26:00,domingo,17:00-17:59,EURJPY-OTC,reversion_bb,BUY,loss,2.0,-2.0,214.82,1
2026-07-26 17:33:00,2026-07-26,17:33:00,domingo,17:00-17:59,EURUSD-OTC,reversion_bb,SELL,win,4.4,3.83,218.65,0
2026-07-26 17:56:00,2026-07-26,17:56:00,domingo,17:00-17:59,EURJPY-OTC,tendencia_rsi,BUY,loss,4.4,-4.4,214.25,2
2026-07-26 18:01:00,2026-07-26,18:01:00,domingo,18:00-18:59,USDJPY-OTC,patron_velas,BUY,loss,9.68,-9.68,204.57,0
2026-07-26 18:15:00,2026-07-26,18:15:00,domingo,18:00-18:59,USDJPY-OTC,patron_velas,BUY,loss,2.0,-2.0,202.57,1
2026-07-26 18:20:00,2026-07-26,18:20:00,domingo,18:00-18:59,EURJPY-OTC,reversion_bb,BUY,loss,9.68,-9.68,192.89,0
2026-07-26 18:26:00,2026-07-26,18:26:00,domingo,18:00-18:59,USDJPY-OTC,reversion_bb,SELL,loss,4.4,-4.4,188.49,2
2026-07-26 18:34:00,2026-07-26,18:34:00,domingo,18:00-18:59,EURJPY-OTC,reversion_bb,SELL,loss,2.0,-2.0,186.49,1
2026-07-26 18:39:00,2026-07-26,18:39:00,domingo,18:00-18:59,AUDCAD-OTC,patron_velas,SELL,loss,2.0,-2.0,184.49,1
2026-07-26 18:47:00,2026-07-26,18:47:00,domingo,18:00-18:59,EURUSD-OTC,reversion_bb,SELL,loss,2.0,-2.0,182.49,1
2026-07-26 19:07:00,2026-07-26,19:07:00,domingo,19:00-19:59,AUDCAD-OTC,patron_velas,SELL,loss,4.4,-4.4,178.09,2
2026-07-26 19:20:00,2026-07-26,19:20:00,domingo,19:00-19:59,AUDCAD-OTC,tendencia_rsi,SELL,loss,9.68,-9.68,168.41,0
2026-07-26 19:24:00,2026-07-26,19:24:00,domingo,19:00-19:59,EURJPY-OTC,tendencia_rsi,SELL,win,4.4,3.52,171.93,0
2026-07-26 19:44:00,2026-07-26,19:44:00,domingo,19:00-19:59,EURUSD-OTC,reversion_bb,SELL,loss,4.4,-4.4,167.53,2
2026-07-26 19:58:00,2026-07-26,19:58:00,domingo,19:00-19:59,GBPUSD-OTC,patron_velas,BUY,loss,2.0,-2.0,165.53,1
2026-07-26 20:17:00,2026-07-26,20:17:00,domingo,20:00-20:59,GBPUSD-OTC,reversion_bb,SELL,win,4.4,3.74,169.27,0
2026-07-26 20:22:00,2026-07-26,20:22:00,domingo,20:00-20:59,GBPUSD-OTC,tendencia_rsi,SELL,win,2.0,1.7,170.97,0
2026-07-26 20:40:00,2026-07-26,20:40:00,domingo,20:00-20:59,GBPUSD-OTC,tendencia_rsi,BUY,win,2.0,1.7,172.67,0
2026-07-26 20:59:00,2026-07-26,20:59:00,domingo,20:00-20:59,EURJPY-OTC,reversion_bb,SELL,win,2.0,1.6,174.27,0
2026-07-27 07:15:00,2026-07-27,07:15:00,lunes,07:00-07:59,GBPUSD-OTC,tendencia_rsi,SELL,loss,2.0,-2.0,172.27,1
2026-07-27 07:20:00,2026-07-27,07:20:00,lunes,07:00-07:59,GBPUSD-OTC,tendencia_rsi,SELL,loss,4.4,-4.4,167.87,2
2026-07-27 07:44:00,2026-07-27,07:44:00,lunes,07:00-07:59,USDJPY-OTC,reversion_bb,SELL,loss,9.68,-9.68,158.19,0
2026-07-27 08:05:00,2026-07-27,08:05:00,lunes,08:00-08:59,USDJPY-OTC,tendencia_rsi,SELL,win,2.0,1.64,159.83,0
2026-07-27 08:28:00,2026-07-27,08:28:00,lunes,08:00-08:59,USDJPY-OTC,reversion_bb,SELL,win,2.0,1.64,161.47,0
2026-07-27 08:32:00,2026-07-27,08:32:00,lunes,08:00-08:59,USDJPY-OTC,tendencia_rsi,BUY,win,2.0,1.64,163.11,0
2026-07-27 08:46:00,2026-07-27,08:46:00,lunes,08:00-08:59,GBPUSD-OTC,patron_velas,BUY,loss,9.68,-9.68,153.43,0
2026-07-27 09:05:00,2026-07-27,09:05:00,lunes,09:00-09:59,AUDCAD-OTC,patron_velas,SELL,win,2.0,1.58,155.01,0
2026-07-27 09:27:00,2026-07-27,09:27:00,lunes,09:00-09:59,AUDCAD-OTC,tendencia_rsi,SELL,loss,2.0,-2.0,153.01,1
2026-07-27 09:52:00,2026-07-27,09:52:00,lunes,09:00-09:59,GBPUSD-OTC,patron_velas,SELL,win,2.0,1.7,154.71,0
2026-07-27 10:01:00,2026-07-27,10:01:00,lunes,10:00-10:59,EURUSD-OTC,patron_velas,BUY,loss,9.68,-9.68,145.03,0
2026-07-27 10:12:00,2026-07-27,10:12:00,lunes,10:00-10:59,EURUSD-OTC,tendencia_rsi,BUY,loss,2.0,-2.0,143.03,1
2026-07-27 10:25:00,2026-07-27,10:25:00,lunes,10:00-10:59,USDJPY-OTC,reversion_bb,BUY,win,2.0,1.64,144.67,0
2026-07-27 10:31:00,2026-07-27,10:31:00,lunes,10:00-10:59,EURUSD-OTC,reversion_bb,BUY,loss,4.4,-4.4,140.27,2
2026-07-27 10:46:00,2026-07-27,10:46:00,lunes,10:00-10:59,AUDCAD-OTC,patron_velas,SELL,loss,4.4,-4.4,135.87,2
2026-07-27 11:07:00,2026-07-27,11:07:00,lunes,11:00-11:59,EURJPY-OTC,tendencia_rsi,BUY,win,2.0,1.6,137.47,0
2026-07-27 11:24:00,2026-07-27,11:24:00,lunes,11:00-11:59,GBPUSD-OTC,tendencia_rsi,BUY,win,2.0,1.7,139.17,0
2026-07-27 11:30:00,2026-07-27,11:30:00,lunes,11:00-11:59,USDJPY-OTC,reversion_bb,BUY,loss,2.0,-2.0,137.17,1
2026-07-27 11:49:00,2026-07-27,11:49:00,lunes,11:00-11:59,GBPUSD-OTC,reversion_bb,SELL,win,2.0,1.7,138.87,0
