fecha,simbolo,lado,cantidad,precio,comision
2026-07-01 01:47:00,ETHUSDT,buy,0.42,3391.56,0.5698
2026-07-01 03:33:00,ETHUSDT,sell,0.42,3404.5,0.572
2026-07-01 07:15:00,ETHUSDT,buy,0.067,3429.27,0.0919
2026-07-01 08:20:00,ETHUSDT,buy,0.077,3431.81,0.1057
2026-07-01 10:44:00,BTCUSDT,buy,0.078,60450.03,1.886
2026-07-01 13:07:00,BTCUSDT,buy,0.18,61594.58,4.4348
2026-07-01 14:37:00,SOLUSDT,buy,0.357,143.32,0.0205
2026-07-01 14:49:00,ETHUSDT,sell,0.067,3451.86,0.0925
2026-07-01 15:44:00,BTCUSDT,sell,0.18,62108.69,4.4718
2026-07-01 16:32:00,SOLUSDT,sell,0.357,142.59,0.0204
2026-07-01 17:40:00,BTCUSDT,sell,0.078,59838.73,1.867
2026-07-01 18:09:00,ETHUSDT,sell,0.077,3488.99,0.1075
2026-07-01 19:59:00,SOLUSDT,buy,0.296,142.43,0.0169
2026-07-01 20:59:00,SOLUSDT,buy,0.289,141.21,0.0163
2026-07-01 21:13:00,SOLUSDT,sell,0.296,141.38,0.0167
2026-07-02 02:28:00,ETHUSDT,buy,0.162,3460.63,0.2242
2026-07-02 02:30:00,SOLUSDT,sell,0.289,140.07,0.0162
2026-07-02 05:02:00,SOLUSDT,buy,0.273,142.25,0.0155
2026-07-02 05:42:00,ETHUSDT,sell,0.162,3447.62,0.2234
2026-07-02 09:21:00,SOLUSDT,buy,0.103,141.31,0.0058
2026-07-02 11:03:00,SOLUSDT,sell,0.273,143.17,0.0156
2026-07-02 12:46:00,BTCUSDT,buy,0.068,62006.86,1.6866
2026-07-02 14:15:00,BTCUSDT,sell,0.068,62803.65,1.7083
2026-07-02 16:39:00,SOLUSDT,sell,0.103,146.13,0.006
2026-07-02 18:09:00,SOLUSDT,buy,0.203,141.94,0.0115
2026-07-02 22:53:00,SOLUSDT,buy,0.428,140.57,0.0241
2026-07-03 00:17:00,SOLUSDT,sell,0.203,139.1,0.0113
2026-07-03 03:39:00,SOLUSDT,sell,0.428,139.88,0.0239
2026-07-03 05:19:00,ETHUSDT,buy,0.366,3454.35,0.5057
2026-07-03 11:55:00,ETHUSDT,buy,0.06,3415.66,0.082
2026-07-03 13:05:00,ETHUSDT,sell,0.366,3446.94,0.5046
2026-07-03 13:51:00,ETHUSDT,buy,0.148,3385.11,0.2004
2026-07-03 16:27:00,BTCUSDT,buy,0.273,60898.96,6.6502
2026-07-03 18:55:00,ETHUSDT,sell,0.148,3359.76,0.1989
2026-07-03 19:27:00,BTCUSDT,sell,0.273,61965.58,6.7666
2026-07-03 19:57:00,ETHUSDT,sell,0.06,3460.85,0.0831
2026-07-03 20:22:00,ETHUSDT,buy,0.419,3318.29,0.5561
2026-07-04 02:53:00,ETHUSDT,buy,0.448,3291.33,0.5898
2026-07-04 04:05:00,BTCUSDT,buy,0.155,61096.8,3.788
2026-07-04 05:55:00,ETHUSDT,sell,0.419,3298.03,0.5528
2026-07-04 06:08:00,SOLUSDT,buy,0.239,140.56,0.0134
2026-07-04 06:59:00,ETHUSDT,sell,0.448,3315.16,0.5941
2026-07-04 11:27:00,SOLUSDT,buy,0.437,140.26,0.0245
2026-07-04 12:31:00,BTCUSDT,sell,0.155,61664.88,3.8232
2026-07-04 12:32:00,SOLUSDT,sell,0.437,141.26,0.0247
2026-07-04 12:36:00,SOLUSDT,sell,0.239,140.92,0.0135
2026-07-04 17:45:00,ETHUSDT,buy,0.23,3301.07,0.3037
2026-07-04 19:41:00,ETHUSDT,sell,0.23,3268.25,0.3007
2026-07-04 23:39:00,ETHUSDT,buy,0.493,3283.66,0.6475
2026-07-05 01:05:00,BTCUSDT,buy,0.05,60989.15,1.2198
2026-07-05 02:26:00,SOLUSDT,buy,0.082,142.09,0.0047
2026-07-05 03:49:00,BTCUSDT,sell,0.05,61283.68,1.2257
2026-07-05 06:08:00,SOLUSDT,sell,0.082,141.56,0.0046
2026-07-05 06:08:00,SOLUSDT,buy,0.206,142.74,0.0118
2026-07-05 07:20:00,ETHUSDT,sell,0.493,3303.59,0.6515
2026-07-05 07:40:00,ETHUSDT,buy,0.49,3312.11,0.6492
2026-07-05 10:49:00,ETHUSDT,buy,0.204,3325.3,0.2713
2026-07-05 12:30:00,SOLUSDT,sell,0.206,144.0,0.0119
2026-07-05 15:30:00,ETHUSDT,sell,0.204,3339.81,0.2725
2026-07-05 16:01:00,ETHUSDT,sell,0.49,3347.57,0.6561
2026-07-05 17:13:00,ETHUSDT,buy,0.478,3329.1,0.6365
2026-07-05 18:58:00,ETHUSDT,buy,0.391,3301.97,0.5164
2026-07-05 20:14:00,SOLUSDT,buy,0.215,142.37,0.0122
2026-07-05 22:38:00,ETHUSDT,buy,0.198,3245.79,0.2571
2026-07-05 23:15:00,SOLUSDT,sell,0.215,141.33,0.0122
2026-07-06 00:13:00,ETHUSDT,sell,0.391,3225.28,0.5044
2026-07-06 00:47:00,SOLUSDT,buy,0.383,143.28,0.0219
2026-07-06 02:23:00,ETHUSDT,sell,0.478,3341.43,0.6389
2026-07-06 02:36:00,ETHUSDT,sell,0.198,3236.9,0.2564
2026-07-06 04:49:00,SOLUSDT,sell,0.383,140.51,0.0215
2026-07-06 05:42:00,BTCUSDT,buy,0.495,60001.82,11.8804
2026-07-06 08:24:00,ETHUSDT,buy,0.205,3261.14,0.2674
2026-07-06 09:35:00,ETHUSDT,buy,0.139,3265.45,0.1816
2026-07-06 10:38:00,BTCUSDT,sell,0.495,60144.72,11.9087
2026-07-06 13:14:00,ETHUSDT,sell,0.139,3297.98,0.1834
2026-07-06 14:31:00,ETHUSDT,sell,0.205,3316.07,0.2719
2026-07-06 15:24:00,ETHUSDT,buy,0.051,3310.09,0.0675
2026-07-06 16:37:00,SOLUSDT,buy,0.225,143.64,0.0129
2026-07-06 18:38:00,ETHUSDT,buy,0.089,3267.03,0.1163
2026-07-06 20:11:00,SOLUSDT,sell,0.225,143.11,0.0129
2026-07-06 21:26:00,ETHUSDT,sell,0.051,3310.01,0.0675
2026-07-06 22:33:00,ETHUSDT,buy,0.121,3266.46,0.1581
2026-07-07 00:20:00,BTCUSDT,buy,0.345,59436.73,8.2023
2026-07-07 00:53:00,ETHUSDT,sell,0.121,3254.86,0.1575
2026-07-07 01:33:00,ETHUSDT,sell,0.089,3294.41,0.1173
2026-07-07 03:49:00,SOLUSDT,buy,0.06,144.65,0.0035
2026-07-07 05:30:00,SOLUSDT,buy,0.422,141.97,0.024
2026-07-07 05:44:00,SOLUSDT,sell,0.06,146.69,0.0035
2026-07-07 08:08:00,BTCUSDT,buy,0.394,59599.18,9.3928
2026-07-07 08:35:00,BTCUSDT,sell,0.345,59094.78,8.1551
2026-07-07 09:16:00,SOLUSDT,sell,0.422,143.58,0.0242
2026-07-07 13:16:00,ETHUSDT,buy,0.46,3251.34,0.5982
2026-07-07 13:51:00,BTCUSDT,sell,0.394,60509.1,9.5362
2026-07-07 19:25:00,ETHUSDT,buy,0.239,3190.34,0.305
2026-07-07 19:28:00,ETHUSDT,sell,0.46,3266.29,0.601
2026-07-08 00:27:00,BTCUSDT,buy,0.443,60011.26,10.634
2026-07-08 00:59:00,SOLUSDT,buy,0.114,142.1,0.0065
2026-07-08 02:00:00,SOLUSDT,buy,0.3,141.31,0.017
2026-07-08 02:59:00,SOLUSDT,buy,0.398,141.32,0.0225
2026-07-08 03:12:00,SOLUSDT,sell,0.114,141.36,0.0064
2026-07-08 03:44:00,BTCUSDT,sell,0.443,60803.5,10.7744
2026-07-08 03:58:00,SOLUSDT,sell,0.3,143.35,0.0172
2026-07-08 04:08:00,ETHUSDT,sell,0.239,3153.65,0.3015
2026-07-08 08:16:00,ETHUSDT,buy,0.079,3256.9,0.1029
2026-07-08 11:48:00,SOLUSDT,sell,0.398,142.9,0.0227
2026-07-08 13:04:00,SOLUSDT,buy,0.175,140.58,0.0098
2026-07-08 13:59:00,ETHUSDT,sell,0.079,3276.21,0.1035
2026-07-08 17:38:00,SOLUSDT,buy,0.285,139.52,0.0159
2026-07-08 19:51:00,SOLUSDT,buy,0.105,139.93,0.0059
2026-07-08 20:58:00,ETHUSDT,buy,0.146,3240.53,0.1892
2026-07-08 21:54:00,SOLUSDT,sell,0.175,140.1,0.0098
2026-07-08 22:13:00,SOLUSDT,sell,0.285,139.67,0.0159
2026-07-08 22:47:00,BTCUSDT,buy,0.215,60811.61,5.2298
2026-07-09 02:18:00,ETHUSDT,sell,0.146,3209.21,0.1874
2026-07-09 03:16:00,BTCUSDT,sell,0.215,60513.99,5.2042
2026-07-09 03:16:00,BTCUSDT,buy,0.229,61096.73,5.5965
2026-07-09 03:33:00,SOLUSDT,sell,0.105,139.37,0.0059
2026-07-09 09:27:00,BTCUSDT,buy,0.244,61276.27,5.9806
2026-07-09 11:44:00,BTCUSDT,sell,0.229,62965.35,5.7676
2026-07-09 12:50:00,ETHUSDT,buy,0.091,3213.74,0.117
2026-07-09 16:13:00,BTCUSDT,buy,0.058,60653.66,1.4072
2026-07-09 18:24:00,BTCUSDT,sell,0.244,60989.05,5.9525
2026-07-09 19:14:00,ETHUSDT,sell,0.091,3235.76,0.1178
2026-07-09 22:02:00,BTCUSDT,sell,0.058,60483.36,1.4032
2026-07-09 22:02:00,SOLUSDT,buy,0.101,138.93,0.0056
2026-07-09 23:15:00,BTCUSDT,buy,0.401,60636.82,9.7261
2026-07-10 02:06:00,SOLUSDT,sell,0.101,143.21,0.0058
2026-07-10 03:21:00,BTCUSDT,buy,0.476,61169.99,11.6468
2026-07-10 04:01:00,BTCUSDT,sell,0.401,60933.61,9.7738
2026-07-10 08:25:00,BTCUSDT,buy,0.365,61864.98,9.0323
2026-07-10 09:24:00,ETHUSDT,buy,0.453,3220.01,0.5835
2026-07-10 10:06:00,BTCUSDT,sell,0.365,61488.35,8.9773
2026-07-10 10:26:00,BTCUSDT,sell,0.476,60368.54,11.4942
2026-07-10 14:09:00,ETHUSDT,sell,0.453,3201.44,0.5801
2026-07-10 15:18:00,BTCUSDT,buy,0.324,62273.14,8.0706
2026-07-10 18:03:00,BTCUSDT,buy,0.203,62718.81,5.0928
2026-07-10 19:15:00,BTCUSDT,sell,0.324,62673.23,8.1225
2026-07-10 20:50:00,ETHUSDT,buy,0.369,3213.11,0.4743
2026-07-10 22:52:00,ETHUSDT,sell,0.369,3209.99,0.4738
2026-07-10 23:34:00,BTCUSDT,buy,0.19,63118.96,4.797
2026-07-11 01:49:00,SOLUSDT,buy,0.13,138.52,0.0072
2026-07-11 03:39:00,BTCUSDT,sell,0.203,62184.43,5.0494
2026-07-11 04:27:00,BTCUSDT,buy,0.278,63237.45,7.032
2026-07-11 04:56:00,BTCUSDT,sell,0.19,63371.92,4.8163
2026-07-11 07:51:00,BTCUSDT,sell,0.278,63365.98,7.0463
2026-07-11 07:54:00,SOLUSDT,sell,0.13,140.62,0.0073
2026-07-11 09:00:00,SOLUSDT,buy,0.346,138.56,0.0192
2026-07-11 13:43:00,SOLUSDT,buy,0.487,135.78,0.0264
2026-07-11 16:03:00,SOLUSDT,buy,0.425,137.01,0.0233
2026-07-11 16:32:00,SOLUSDT,sell,0.346,140.58,0.0195
2026-07-11 18:36:00,SOLUSDT,sell,0.425,137.05,0.0233
2026-07-11 19:08:00,SOLUSDT,sell,0.487,135.01,0.0263
2026-07-11 19:30:00,ETHUSDT,buy,0.056,3273.91,0.0733
2026-07-11 21:23:00,ETHUSDT,buy,0.221,3319.44,0.2934
2026-07-12 00:01:00,ETHUSDT,sell,0.056,3270.32,0.0733
2026-07-12 00:17:00,SOLUSDT,buy,0.07,135.3,0.0038
2026-07-12 03:04:00,BTCUSDT,buy,0.483,62771.51,12.1275
2026-07-12 03:36:00,SOLUSDT,sell,0.07,134.05,0.0038
2026-07-12 05:39:00,ETHUSDT,buy,0.148,3386.52,0.2005
2026-07-12 06:11:00,ETHUSDT,sell,0.221,3344.52,0.2957
2026-07-12 08:56:00,ETHUSDT,sell,0.148,3409.65,0.2019
2026-07-12 09:00:00,BTCUSDT,buy,0.276,62247.37,6.8721
2026-07-12 12:34:00,BTCUSDT,sell,0.483,63062.24,12.1836
2026-07-12 12:35:00,BTCUSDT,sell,0.276,62914.56,6.9458
2026-07-12 13:48:00,BTCUSDT,buy,0.418,62291.95,10.4152
2026-07-12 16:25:00,BTCUSDT,sell,0.418,62063.56,10.377
2026-07-12 19:18:00,ETHUSDT,buy,0.187,3393.5,0.2538
2026-07-12 23:26:00,ETHUSDT,sell,0.187,3400.83,0.2544
2026-07-13 00:47:00,BTCUSDT,buy,0.12,63469.33,3.0465
2026-07-13 07:25:00,ETHUSDT,buy,0.376,3412.72,0.5133
2026-07-13 07:35:00,BTCUSDT,sell,0.12,63172.05,3.0323
2026-07-13 10:03:00,ETHUSDT,sell,0.376,3415.6,0.5137
2026-07-13 14:01:00,BTCUSDT,buy,0.38,64163.34,9.7528
2026-07-13 18:59:00,BTCUSDT,buy,0.416,64178.32,10.6793
2026-07-13 19:25:00,BTCUSDT,sell,0.416,63276.28,10.5292
2026-07-13 22:48:00,BTCUSDT,sell,0.38,63580.23,9.6642
2026-07-14 00:28:00,SOLUSDT,buy,0.48,135.93,0.0261
2026-07-14 01:13:00,BTCUSDT,buy,0.482,65060.7,12.5437
2026-07-14 04:33:00,SOLUSDT,sell,0.48,133.68,0.0257
2026-07-14 06:28:00,ETHUSDT,buy,0.289,3419.04,0.3952
2026-07-14 07:48:00,BTCUSDT,sell,0.482,65447.33,12.6182
2026-07-14 09:13:00,ETHUSDT,buy,0.387,3480.15,0.5387
2026-07-14 10:30:00,SOLUSDT,buy,0.382,135.66,0.0207
2026-07-14 10:48:00,ETHUSDT,sell,0.289,3426.68,0.3961
2026-07-14 13:15:00,BTCUSDT,buy,0.154,65165.07,4.0142
2026-07-14 14:58:00,SOLUSDT,sell,0.382,135.36,0.0207
2026-07-14 17:00:00,ETHUSDT,buy,0.179,3547.89,0.254
2026-07-14 17:57:00,ETHUSDT,sell,0.179,3596.58,0.2575
2026-07-14 17:58:00,ETHUSDT,sell,0.387,3486.92,0.5398
2026-07-14 21:16:00,BTCUSDT,sell,0.154,66571.11,4.1008
2026-07-14 22:53:00,SOLUSDT,buy,0.116,135.32,0.0063
2026-07-15 03:23:00,SOLUSDT,sell,0.116,135.02,0.0063
2026-07-15 05:17:00,SOLUSDT,buy,0.056,134.74,0.003
2026-07-15 06:29:00,SOLUSDT,sell,0.056,136.91,0.0031
2026-07-15 08:04:00,ETHUSDT,buy,0.148,3563.89,0.211
2026-07-15 14:36:00,ETHUSDT,buy,0.26,3524.26,0.3665
2026-07-15 16:35:00,ETHUSDT,sell,0.148,3565.87,0.2111
2026-07-15 16:47:00,ETHUSDT,sell,0.26,3524.65,0.3666
2026-07-15 16:48:00,SOLUSDT,buy,0.263,134.52,0.0142
2026-07-15 17:57:00,ETHUSDT,buy,0.252,3563.6,0.3592
2026-07-15 20:14:00,ETHUSDT,buy,0.084,3634.85,0.1221
2026-07-15 21:54:00,SOLUSDT,sell,0.263,135.35,0.0142
2026-07-15 21:56:00,ETHUSDT,sell,0.084,3589.87,0.1206
2026-07-15 22:42:00,ETHUSDT,sell,0.252,3467.34,0.3495
2026-07-16 01:12:00,BTCUSDT,buy,0.322,65119.47,8.3874
2026-07-16 02:39:00,ETHUSDT,buy,0.454,3627.22,0.6587
2026-07-16 03:21:00,ETHUSDT,buy,0.357,3675.23,0.5248
2026-07-16 05:03:00,ETHUSDT,buy,0.104,3644.37,0.1516
2026-07-16 08:19:00,BTCUSDT,buy,0.104,65125.21,2.7092
2026-07-16 08:55:00,SOLUSDT,buy,0.217,135.43,0.0118
2026-07-16 10:02:00,BTCUSDT,sell,0.322,65952.81,8.4947
2026-07-16 10:26:00,ETHUSDT,sell,0.357,3771.54,0.5386
2026-07-16 10:52:00,ETHUSDT,sell,0.104,3671.19,0.1527
2026-07-16 11:06:00,ETHUSDT,sell,0.454,3602.43,0.6542
2026-07-16 11:49:00,BTCUSDT,sell,0.104,63729.02,2.6511
2026-07-16 14:26:00,ETHUSDT,buy,0.39,3718.02,0.58
2026-07-16 15:25:00,ETHUSDT,sell,0.39,3770.55,0.5882
2026-07-16 15:47:00,SOLUSDT,sell,0.217,134.85,0.0117
2026-07-16 15:48:00,ETHUSDT,buy,0.336,3769.93,0.5067
2026-07-16 18:30:00,ETHUSDT,sell,0.336,3796.81,0.5103
2026-07-16 18:34:00,BTCUSDT,buy,0.398,64602.96,10.2848
2026-07-17 00:27:00,BTCUSDT,buy,0.299,63535.41,7.5988
2026-07-17 01:38:00,SOLUSDT,buy,0.253,137.52,0.0139
2026-07-17 02:02:00,BTCUSDT,sell,0.398,64963.15,10.3421
2026-07-17 04:05:00,BTCUSDT,sell,0.299,64545.57,7.7197
2026-07-17 04:09:00,SOLUSDT,sell,0.253,138.55,0.014
2026-07-17 04:34:00,SOLUSDT,buy,0.298,134.5,0.016
2026-07-17 07:38:00,SOLUSDT,sell,0.298,135.02,0.0161
2026-07-17 08:36:00,ETHUSDT,buy,0.383,3752.33,0.5749
2026-07-17 13:12:00,ETHUSDT,sell,0.383,3789.45,0.5805
2026-07-17 14:41:00,ETHUSDT,buy,0.351,3755.4,0.5273
2026-07-17 16:53:00,ETHUSDT,sell,0.351,3812.68,0.5353
2026-07-17 20:40:00,BTCUSDT,buy,0.458,63763.99,11.6816
2026-07-17 23:02:00,SOLUSDT,buy,0.392,133.34,0.0209
2026-07-18 04:12:00,BTCUSDT,buy,0.204,63862.44,5.2112
2026-07-18 05:19:00,BTCUSDT,sell,0.458,64303.58,11.7804
2026-07-18 05:55:00,BTCUSDT,sell,0.204,64270.8,5.2445
2026-07-18 06:29:00,SOLUSDT,sell,0.392,133.96,0.021
2026-07-18 06:44:00,ETHUSDT,buy,0.141,3709.13,0.2092
2026-07-18 07:14:00,ETHUSDT,sell,0.141,3774.35,0.2129
2026-07-18 10:45:00,SOLUSDT,buy,0.145,131.71,0.0076
2026-07-18 11:46:00,ETHUSDT,buy,0.212,3660.66,0.3104
2026-07-18 15:31:00,SOLUSDT,sell,0.145,133.66,0.0078
2026-07-18 17:38:00,SOLUSDT,buy,0.092,132.35,0.0049
2026-07-18 20:31:00,ETHUSDT,sell,0.212,3666.82,0.3109
2026-07-18 21:32:00,ETHUSDT,buy,0.19,3636.95,0.2764
2026-07-18 22:02:00,SOLUSDT,sell,0.092,129.56,0.0048
2026-07-18 22:04:00,ETHUSDT,sell,0.19,3605.6,0.274
2026-07-18 22:18:00,BTCUSDT,buy,0.412,62895.29,10.3651
2026-07-18 23:25:00,BTCUSDT,buy,0.422,61778.31,10.4282
2026-07-19 02:02:00,ETHUSDT,buy,0.118,3642.3,0.1719
2026-07-19 04:03:00,ETHUSDT,sell,0.118,3617.32,0.1707
2026-07-19 06:49:00,BTCUSDT,sell,0.412,63570.22,10.4764
2026-07-19 07:34:00,BTCUSDT,sell,0.422,62939.11,10.6241
2026-07-19 08:30:00,SOLUSDT,buy,0.256,131.0,0.0134
2026-07-19 09:00:00,BTCUSDT,buy,0.464,61868.91,11.4829
2026-07-19 14:21:00,BTCUSDT,sell,0.464,61432.6,11.4019
2026-07-19 14:50:00,BTCUSDT,buy,0.364,61859.0,9.0067
2026-07-19 15:56:00,BTCUSDT,buy,0.136,61397.59,3.34
2026-07-19 16:54:00,BTCUSDT,sell,0.364,63007.47,9.1739
2026-07-19 18:04:00,SOLUSDT,sell,0.256,129.05,0.0132
2026-07-19 20:33:00,BTCUSDT,sell,0.136,63168.5,3.4364
2026-07-19 21:33:00,BTCUSDT,buy,0.498,62160.02,12.3823
2026-07-20 02:28:00,BTCUSDT,sell,0.498,62259.96,12.4022
2026-07-20 03:33:00,ETHUSDT,buy,0.287,3656.75,0.4198
2026-07-20 04:17:00,BTCUSDT,buy,0.188,63101.25,4.7452
2026-07-20 04:49:00,BTCUSDT,sell,0.188,62906.22,4.7305
2026-07-20 09:02:00,BTCUSDT,buy,0.086,63783.91,2.1942
2026-07-20 13:03:00,ETHUSDT,sell,0.287,3634.57,0.4172
2026-07-20 13:05:00,BTCUSDT,sell,0.086,63148.16,2.1723
2026-07-20 13:09:00,SOLUSDT,buy,0.065,131.83,0.0034
2026-07-20 17:14:00,SOLUSDT,buy,0.053,130.97,0.0028
2026-07-20 19:05:00,SOLUSDT,sell,0.065,131.52,0.0034
2026-07-20 22:02:00,SOLUSDT,buy,0.14,132.37,0.0074
2026-07-20 22:23:00,SOLUSDT,sell,0.053,132.37,0.0028
2026-07-21 01:30:00,SOLUSDT,sell,0.14,133.33,0.0075
2026-07-21 02:30:00,BTCUSDT,buy,0.183,63976.35,4.6831
2026-07-21 04:35:00,SOLUSDT,buy,0.46,133.58,0.0246
2026-07-21 05:42:00,SOLUSDT,sell,0.46,132.67,0.0244
2026-07-21 06:19:00,SOLUSDT,buy,0.061,133.98,0.0033
2026-07-21 07:15:00,ETHUSDT,buy,0.252,3650.93,0.368
2026-07-21 08:42:00,SOLUSDT,buy,0.198,137.08,0.0109
2026-07-21 08:54:00,SOLUSDT,sell,0.061,133.93,0.0033
2026-07-21 11:07:00,BTCUSDT,sell,0.183,65349.39,4.7836
2026-07-21 12:01:00,SOLUSDT,sell,0.198,137.23,0.0109
2026-07-21 12:46:00,ETHUSDT,sell,0.252,3629.35,0.3658
2026-07-21 13:40:00,SOLUSDT,buy,0.349,137.07,0.0191
2026-07-21 16:59:00,ETHUSDT,buy,0.085,3634.53,0.1236
2026-07-21 18:31:00,ETHUSDT,sell,0.085,3647.4,0.124
2026-07-21 20:17:00,SOLUSDT,sell,0.349,136.86,0.0191
2026-07-21 21:04:00,ETHUSDT,buy,0.484,3652.48,0.7071
2026-07-22 00:36:00,ETHUSDT,buy,0.412,3656.17,0.6025
2026-07-22 00:46:00,ETHUSDT,sell,0.484,3651.75,0.707
2026-07-22 02:15:00,ETHUSDT,sell,0.412,3624.22,0.5973
2026-07-22 07:07:00,BTCUSDT,buy,0.464,63367.06,11.7609
2026-07-22 10:34:00,BTCUSDT,sell,0.464,63583.99,11.8012
2026-07-22 10:43:00,ETHUSDT,buy,0.334,3652.87,0.488
2026-07-22 14:40:00,SOLUSDT,buy,0.078,137.43,0.0043
2026-07-22 15:06:00,ETHUSDT,sell,0.334,3608.78,0.4821
2026-07-22 15:53:00,SOLUSDT,sell,0.078,137.74,0.0043
2026-07-22 16:49:00,ETHUSDT,buy,0.203,3651.54,0.2965
2026-07-22 21:37:00,ETHUSDT,sell,0.203,3563.29,0.2893
2026-07-22 22:34:00,ETHUSDT,buy,0.36,3709.77,0.5342
2026-07-22 23:05:00,ETHUSDT,buy,0.413,3700.91,0.6114
2026-07-23 00:21:00,ETHUSDT,sell,0.413,3647.65,0.6026
2026-07-23 01:34:00,BTCUSDT,buy,0.26,64152.2,6.6718
2026-07-23 03:26:00,ETHUSDT,sell,0.36,3735.28,0.5379
2026-07-23 05:44:00,ETHUSDT,buy,0.273,3708.73,0.405
2026-07-23 06:02:00,ETHUSDT,sell,0.273,3692.48,0.4032
2026-07-23 08:19:00,BTCUSDT,sell,0.26,65010.26,6.7611
2026-07-23 08:49:00,SOLUSDT,buy,0.323,138.47,0.0179
2026-07-23 13:14:00,ETHUSDT,buy,0.086,3666.87,0.1261
2026-07-23 14:34:00,SOLUSDT,sell,0.323,136.11,0.0176
2026-07-23 15:05:00,ETHUSDT,buy,0.065,3667.09,0.0953
2026-07-23 16:46:00,ETHUSDT,sell,0.086,3730.99,0.1283
2026-07-23 18:21:00,SOLUSDT,buy,0.097,139.25,0.0054
2026-07-23 19:44:00,SOLUSDT,sell,0.097,140.95,0.0055
2026-07-24 00:10:00,ETHUSDT,buy,0.274,3681.36,0.4035
2026-07-24 00:40:00,ETHUSDT,sell,0.065,3688.69,0.0959
2026-07-24 07:57:00,ETHUSDT,sell,0.274,3696.91,0.4052
